nisn,nipd,nama,jk,jenjang,program,kelas,tempat_lahir,tanggal_lahir,alamat,hp,status,butuh_konfirmasi_admin,catatan_konfirmasi
3808944245,2526. 10. 118,A Saipul Mubarok,L,SMA,PAKET_C,11 IPS 1,Karawang,1980-05-12,Dusun Telar RT. 007 RW. 008 Desa Waringinkarya,,AKTIF,False,
0075030298,2526. 10. 115,Aan Anisah,P,SMA,PAKET_C,11 IPS 1,Karawang,2007-12-08,Linggarsari,085777568047,AKTIF,False,
0092864664,2526. 10. 002,Aang Surya,L,SMA,PAKET_C,11 IPA,Karawang,2009-08-26,Dusun III Citajaya,089501855438,AKTIF,False,
3101911005,2324. 7. 001,Abdilah,L,SMA,PAKET_C,10 IPA,Karawang,2010-01-22,Dusun Sindangpalay RT. 010 RW. 003 Desa Pasirmukti,,AKTIF,False,
0081891428,2425.10.044,Abdul Azis Tuhari,L,SMA,PAKET_C,12 IPS 1,KARAWANG,2008-12-28,Dusun II,,AKTIF,False,
0104032900,2526. 10. 036,Abdul Latip Maolana Yusup,L,SMA,PAKET_C,11 IPS 2,Karawang,2010-03-16,Jl. Raya Lemahmakmur,,AKTIF,False,
0102764102,2324. 7. 002,Abdul Pattah,L,SMA,PAKET_C,10 IPA,KARAWANG,2010-11-15,Sentul,6285882106681,AKTIF,False,
0026465719,2526. 7. 075,Abdul Qodir,L,SMP,PAKET_B,8 B,KARAWANG,2002-03-01,Dusun Palawad II RW. 004 RW. 002,,AKTIF,False,
3124735793,2526. 7. 016,Abdul Rohman Bagaswara,L,SMP,PAKET_B,8 A,KARAWANG,2012-03-23,DUSUN KRAJAN I,085774759019,AKTIF,False,
0108579865,2324. 7. 003,Abdul Somad,L,SMA,PAKET_C,10 IPA,KARAWANG,2010-11-05,Dusun Krajan,085894410085,AKTIF,False,
3122296530,,Abdul Wahab Maksum,L,SMP,PAKET_B,7 A,Karawang,2012-10-17,Dusun III Citajaya,085211981455,AKTIF,False,
3965462151,2526. 10. 145,Abi Haikal Alatas,L,SMA,PAKET_C,11 IPS 1,Karawang,1996-11-16,Dusun Kedawung RT. 001 RW. 001,,AKTIF,False,
3143893200,2526. 4. 008,Abi Maulana Achmad,L,SD,UMUM,Kelas 5,Karawang,2014-04-10,Linggarsari,085883092117,AKTIF,False,
0111175405,2324. 7. 004,Abid Sunan Alim,L,SMA,PAKET_C,10 IPA,KARAWANG,2011-04-11,JL. PRAMUKA,085881600724,AKTIF,False,
,,Aceng Usin,L,SMP,PAKET_B,7 B,BEKASI,1969-07-16,Jl. Wirasaba RT. 003 RW. 017,,AKTIF,True,NISN kosong pada data sumber
9984335182,2425.10.045,Acing,L,SMA,PAKET_C,12 IPS 1,Karawang,1998-12-03,Dusun Cariu II RT. 007 RW. 007 Desa Cariumulya Kec. Telagasari,,AKTIF,False,
0134696143,,Adam Muda Wali,L,SMP,PAKET_B,8 B,KARAWANG,2013-03-21,JL. PRAMUKA,089513453033,AKTIF,False,
3697024266,2425.7.001,Ade Ismail,L,SMP,PAKET_B,9 A,Karawang,1969-01-02,Dusun Tanjung RT. 005 RW. 002 Desa Karangtanjung,,AKTIF,False,
3883650786,2425.7.059,Ade Kosasih,L,SMP,PAKET_B,9 B,Karawang,1988-09-11,Dusun Sentul I RT. 003 RW. 001 Desa Pulojaya,,AKTIF,False,
0106245461,2526. 10. 094,Adibul Mukhtar Rifqi Syafi'I,L,SMA,PAKET_C,11 IPS 1,Karawang,2010-04-22,Dusun Karokrok Utara RT. 003 RW. 002 Desa Kalijaya,,AKTIF,False,
0118901358,2324. 7. 005,Adnan Ramadani,L,SMA,PAKET_C,10 IPA,KARAWANG,2011-09-28,Jln.Pramuka,,AKTIF,False,
0108695753,2526. 7. 032,Afin Febriana,L,SMP,PAKET_B,8 B,KARAWANG,2010-02-21,CARIU II,,AKTIF,False,
0085435320,2425.10.046,Agil Yasen,L,SMA,PAKET_C,12 IPS 1,Karawang,2008-02-23,Dusun Krajan I RT. 002 RW. 001 Desa Talagasari Kec. Telagasari,,AKTIF,False,
0041729355,2425.7.002,Agung Gumelar,L,SMP,PAKET_B,9 A,Karawang,2004-10-25,Dusun Krajan I RT. 002 RW. 001 Desa Kedawung,,AKTIF,False,
0073807720,2526. 10. 116,Agus Aripin,L,SMA,PAKET_C,11 IPS 2,KARAWANG,2007-08-24,DUSUN PACOGREG,088293009513,AKTIF,False,
0107659152,2324. 7. 006,Ahmad,L,SMA,PAKET_C,10 IPA,KARAWANG,2010-12-03,Jln.Pramuka,,AKTIF,False,
0129090270,2526. 7. 001,Ahmad Fadilah,L,SMP,PAKET_B,8 A,KARAWANG,2012-02-01,Dusun Kebon Kacang,085882099847,AKTIF,False,
3007028329,2526. 7. 033,Ahmad Fahri,L,SMP,PAKET_B,8 B,Karawang,2000-10-10,Dusun II RT. 008 RW. 003 Desa Kalibuaya,,AKTIF,False,
0121999360,,Ahmad Mustopa,L,SMP,PAKET_B,7 A,KARAWANG,2012-09-16,Jln.Pramuka,,AKTIF,False,
3105613443,2526. 10. 097,Ahmad Nadir,L,SMA,PAKET_C,11 IPS 1,Karawang,2010-02-16,Dusun Lio RT. 003 RW. 003 Desa Cimahi,,AKTIF,False,
0093210568,2526. 10. 100,Ahmad Nursyamsi,L,SMA,PAKET_C,11 IPS 1,KARAWANG,2009-11-21,Jln.Pramuka,,AKTIF,False,
3095921194,2526. 7. 002,Ahmad Rofii,L,SMP,PAKET_B,8 A,Jakarta,2009-08-19,PERUM GARDEN CITY,,AKTIF,False,
3180442831,,Ahmad Romdoni,L,SD,UMUM,Kelas 1,Karawang,2018-05-21,-,,AKTIF,False,
0095120006,2526. 7. 034,Ahmad Saripudin,L,SMP,PAKET_B,8 B,Karawang,2009-04-04,Dusun Gedangmanggala,,AKTIF,False,
0112930362,2425.7.027,Ahmad Supriatna,L,SMP,PAKET_B,9 B,KARAWANG,2011-07-24,KAROKROK,083147571661,AKTIF,False,
0034791702,2425.10.043,Ahmad Zaelani,L,SMA,PAKET_C,12 IPS 1,Karawang,2003-07-13,Dusun Cariu I RT. 001 RW. 001,,AKTIF,False,
3158745375,2425. 1. 001,Ainayya Fathihatul Salam,P,SD,UMUM,Kelas 3,Karawang,2015-08-17,DUSUN II RT. 010 RW. 004 DESA KALIBUAYA KEC. TELAGASARI,,AKTIF,False,
0091734999,2425.10.006,Aira Putri,P,SMA,PAKET_C,12 IPA,Karawang,2009-08-05,Jl. Pramuka,089630438605,AKTIF,False,
0063484092,2425.7.003,Aisah Fatmawati,P,SMP,PAKET_B,9 A,JAKARTA,2006-06-07,DUSUN JATIMULYA,08973607101,AKTIF,False,
3998805503,2425.10.082,Ajat Subandrio,L,SMA,PAKET_C,12 IPS 2,Karawang,1999-06-26,Dusun Pondok Bales RT. 002 RW. 001 Desa Lemahsubur Kec. Tempuran,,AKTIF,False,
3881310744,2425.10.083,Ajat Sudrajat,L,SMA,PAKET_C,12 IPS 2,Karawang,1988-03-27,Dusun Pondok Bales RT. 001 RW. 001 Desa Lemahsubur Kec. Tempuran,,AKTIF,False,
0099826647,2526. 10. 001,Aji Akbar,L,SMA,PAKET_C,11 IPA,KARAWANG,2009-11-26,JLN.PRAMUKA,,AKTIF,False,
3130086943,,Akbar Fadlika,L,SMP,PAKET_B,7 B,KARAWANG,2013-09-14,Jln.Pramuka,,AKTIF,False,
0092350931,2425.7.028,Akbar Saputra,L,SMP,PAKET_B,9 B,KARAWANG,2009-03-17,SALEM,,AKTIF,False,
0078374661,2526. 10. 143,Albar Juliyana,L,SMA,PAKET_C,11 IPS 1,KARAWANG,2007-07-24,GADELSARI,085813595733,AKTIF,False,
0085202375,2425.10.084,Aldena Fitri Nuraeni,P,SMA,PAKET_C,12 IPS 2,Karawang,2008-10-01,Dusun Kawista,,AKTIF,False,
3061108315,2425.10.001,Alex Dwi Andriansah Pioro,L,SMA,PAKET_C,12 IPA,Karawang,2006-04-16,Dusun Krajan RT. 001 RW. 002 Desa Pasirkamuning,,AKTIF,False,
3062186484,2526. 10. 082,Ali Hamzah,L,SMA,PAKET_C,11 IPS 1,Karawang,2006-03-19,Dusun Sindangpalay RT. 010 RW. 003,,AKTIF,False,
0139063769,,Alisya Nur Aprilia,P,SMP,PAKET_B,7 A,KARAWANG,2013-04-28,Jln.Pramuka,,AKTIF,False,
0092535678,2526. 10. 083,Amelia,P,SMA,PAKET_C,11 IPS 1,KARAWANG,2009-05-12,JLN PRAMUKA,,AKTIF,False,
0097909492,2425.10.002,Amelia,P,SMA,PAKET_C,12 IPA,Karawang,2009-03-23,Sindangpalay,,AKTIF,False,
0114062797,,Amira,P,SMA,PAKET_C,10 IPA,KARAWANG,2011-01-01,-,000000000000,AKTIF,False,
0099085322,2526. 10. 121,Andi,L,SMA,PAKET_C,11 IPS 2,Karawang,2009-04-08,Pulosari,085774594952,AKTIF,False,
0098107896,2526. 10. 003,Anggi Fitria,P,SMA,PAKET_C,11 IPA,Karawang,2009-03-28,PASIRTALAGA III,,AKTIF,False,
0095770292,2425.10.121,Anggi Pratama,L,SMA,PAKET_C,12 IPS 2,TANAH ABANG JAYA,2009-06-11,Dusun Sindangpalay RT. 014 RW. 004 Desa Pasirmukti,,AKTIF,False,
0095989397,2526. 10. 030,Anggraeni Putri,P,SMA,PAKET_C,11 IPA,Karawang,2009-02-17,Jl. Pramuka,085817517562,AKTIF,False,
0128970622,2425.7.004,Anggun Anggraeni,P,SMP,PAKET_B,9 A,Karawang,2012-06-08,Jln.Pramuka,,AKTIF,False,
0066079414,2526. 10. 038,Anggun Lestari,P,SMA,PAKET_C,11 IPA,KARAWANG,2006-01-18,Pasirjengkol,089652493393,AKTIF,False,
3804521870,2425.7.060,Ani,P,SMP,PAKET_B,9 B,Karawang,1980-07-05,DUSUN LAMPEAN II RT. 004 RW. 008 DESA KEDAWUNG KEC. LEMAHABANG,,AKTIF,False,
0093198669,2526. 7. 035,Anisa Pitri,P,SMP,PAKET_B,8 B,KARAWANG,2009-12-13,Kp. Pulogadung,081519673195,AKTIF,False,
0097503047,2526. 10. 004,Anisa Suci Rahmawati,P,SMA,PAKET_C,11 IPA,KARAWANG,2009-10-26,Dusun. Caringin,085882100070,AKTIF,False,
0112778800,2425.7.029,Anwar Sanusi Abdilah,L,SMP,PAKET_B,9 B,KARAWANG,2011-11-21,PASIRMUKTI,,AKTIF,False,
0111202433,2526. 7. 036,Anzas Al Faro,L,SMP,PAKET_B,8 B,KARAWANG,2011-11-07,Rawadukuh,,AKTIF,False,
0068090330,2526. 10. 110,Arifky,L,SMA,PAKET_C,11 IPS 1,Karawang,2006-10-27,Pulosari,,AKTIF,False,
3134275212,2526. 7. 003,Arim Mulyana,L,SMP,PAKET_B,8 A,KARAWANG,2013-09-22,Jln Pramuka,0895339115463,AKTIF,False,
0088208415,2425.10.057,Arip Apriana,L,SMA,PAKET_C,12 IPS 1,Karawang,2008-04-18,Linggarsari,088213242015,AKTIF,False,
0109874945,2526. 10. 039,Arya Danu Mendra,L,SMA,PAKET_C,11 IPS 2,Karawang,2010-06-10,Kalisari,,AKTIF,False,
0015545576,2425.10.058,Aryo Patkurohman,L,SMA,PAKET_C,12 IPS 1,Karawang,2001-04-03,Dusun Cariu II RT. 007 RW. 007 Desa Cariumulya Kec. Telagasari,,AKTIF,False,
0113907861,2425.7.030,Asanty Nur Septiani,P,SMP,PAKET_B,9 B,Bekasi,2011-09-25,Dusun Panyalinbanyu,085770721641,AKTIF,False,
0099193635,2526. 10. 005,Asep Maulana,L,SMA,PAKET_C,11 IPA,Wana,2009-06-18,Jl. Pangeran Paksi,,AKTIF,False,
3070738256,2425.10.063,Asep Perdi,L,SMA,PAKET_C,12 IPS 1,Karawang,2007-06-02,Kp. Citarik RT. 001 RW. 003,,AKTIF,False,
9945802774,2425.10.066,Asep Suhendar,L,SMA,PAKET_C,12 IPS 1,Karawang,1994-01-01,Dusun Krajan RT. 003 RW. 001,,AKTIF,False,
3139197220,,Aspan Jamil,L,SMP,PAKET_B,7 A,KARAWANG,2013-06-04,Dusun Krajan II,,AKTIF,False,
3121444152,2526. 7. 004,Aulia Ramadhani,P,SMP,PAKET_B,8 A,Karawang,2012-08-09,Jalan Pramuka,,AKTIF,False,
0059570569,2425.7.055,Away Maulana,L,SMP,PAKET_B,9 A,Karawang,2005-09-23,DUSUN LAMPEAN II RT. 004 RW. 008 DESA KEDAWUNG KEC. LEMAHABANG,,AKTIF,False,
3800504918,2425.10.097,Ayim Saripudin,L,SMA,PAKET_C,12 IPS 2,Karawang,1980-04-02,Dusun Pasirjengkol RT. 024 RW. 010 Desa Pasirjengkol Kec. Majalaya,,AKTIF,False,
0127614533,2425.7.031,Ayu Wandhira,P,SMP,PAKET_B,9 B,Karawang,2012-05-24,Dusun III Citajaya,081213620759,AKTIF,False,
0125584132,2425.7.005,Azahratul Sifa,P,SMP,PAKET_B,9 A,Karawang,2012-01-06,Jln.Pramuka,,AKTIF,False,
0084212910,2425.7.006,Azka Nur Rizky,L,SMP,PAKET_B,9 A,JAKARTA,2008-08-17,BULUSARI,087805491737,AKTIF,False,
0119396872,2425.7.007,Bambang,L,SMP,PAKET_B,9 A,KARAWANG,2011-02-11,PERUM TERANG SARI BLOK E 13 NO 27,089634037080,AKTIF,False,
0102466187,2526. 10. 006,Bana,L,SMA,PAKET_C,11 IPA,KARAWANG,2010-01-16,JLN.PRAMUKA,,AKTIF,False,
0138895105,2324. 4. 002,Bani Koto,L,SMP,PAKET_B,7 B,KARAWANG,2013-02-04,Jln.Pramuka,,AKTIF,False,
0111942534,,Banyu Biru,L,SMP,PAKET_B,9 A,KARAWANG,2011-09-12,JL. PRAMUKA,081292626487,AKTIF,False,
0116794756,2425.7.008,Basit,L,SMP,PAKET_B,9 A,Karawang,2011-11-02,Jalan pramuka,085894404018,AKTIF,False,
3112642226,2526. 7. 005,Bayu,L,SMP,PAKET_B,8 A,KARAWANG,2011-10-12,JL PRAMUKA,085777107500,AKTIF,False,
0115827658,,Bima Pradiansyah,L,SMP,PAKET_B,9 A,Karawang,2011-12-15,BUNIAGA,,AKTIF,False,
0097727652,2526.8.075,Bimantara,L,SMP,PAKET_B,9 B,KARAWANG,2009-09-21,Pelem,085694169140,AKTIF,False,
0096859571,2526. 10. 084,Bunga Geisha Putri,P,SMA,PAKET_C,11 IPS 1,KARAWANG,2009-09-17,JLN.PRAMUKA,,AKTIF,False,
9979147825,2526. 10. 122,Buyya Al Barra,L,SMA,PAKET_C,11 IPS 2,KARAWANG,1997-02-24,Dusun Linggarsari RT. 004 RW. 002,,AKTIF,False,
0096670945,,Caesario Sendi Pratama,L,SMA,PAKET_C,12 IPS 2,BATANG,2009-02-04,rahayu,,AKTIF,False,
0122907028,2425.7.052,Cahya Lesmana,L,SMP,PAKET_B,9 B,KARAWANG,2012-01-02,PASIRKONCI,085811567581,AKTIF,False,
0087354359,2526. 7. 037,Cahyani Saridepi,P,SMP,PAKET_B,8 B,KARAWANG,2008-12-22,Karang sari,081528424823,AKTIF,False,
0089066660,2526. 10. 040,Candra Febrian,L,SMA,PAKET_C,11 IPS 2,Karawang,2008-02-19,Jalan Raya Telagasari-Tempuran,,AKTIF,False,
3128536664,,Candra Maulana Ibrahim,L,SMP,PAKET_B,7 A,KARAWANG,2012-06-26,Jln.Pramuka,,AKTIF,False,
3867652756,2425.7.056,Carma Suryana,L,SMP,PAKET_B,9 A,Karawang,1986-05-02,Dusun Cariu I RT. 003 RW. 00I Desa Cariumulya,,AKTIF,False,
3713690734,2324. 7. 036,Casmita,L,SMA,PAKET_C,10 IPS 1,Subang,1971-08-11,Dusun Gintung Kebon RT. 010 RW. 003 Desa Gintungkerta,,AKTIF,False,
0106679682,2324. 7. 007,Chandra Hidayat,L,SMA,PAKET_C,10 IPA,KARAWANG,2010-07-20,Jln.Pramuka,,AKTIF,False,
0097292374,2425.10.007,Cindy Aulia,P,SMA,PAKET_C,12 IPA,Karawang,2009-06-11,,,AKTIF,False,
0108660385,2425.7.033,Cinta Angelica,P,SMP,PAKET_B,9 B,KARAWANG,2010-05-30,SALEM,,AKTIF,False,
0118705714,2324. 7. 008,Cinta Callysta Azaria,P,SMA,PAKET_C,10 IPA,KARAWANG,2011-02-23,JLn.Pramuka,,AKTIF,False,
0069751644,2526. 10. 064,Dadan,L,SMA,PAKET_C,11 IPS 2,Karawang,2006-03-03,DUSUN WAGIRSERUT RT. 002 RW. 003 DESA LEMAHMAKMUR KEC. TEMPPURAN KAB. KARAWANG,,AKTIF,False,
0109700600,2526. 10. 071,Dadan Ahfadz Badruzzaman,L,SMA,PAKET_C,11 IPS 2,KARAWANG,2010-06-29,PULOSARI,081574515786,AKTIF,False,
0082326959,2526. 7. 038,Dadan Darmawan,L,SMP,PAKET_B,8 B,KARAWANG,2008-09-19,,,AKTIF,False,
0082026302,2425.10.054,Dadang Bayu Saputra Wijaya,L,SMA,PAKET_C,12 IPS 1,KARAWANG,2008-11-23,CARIU,085669510611,AKTIF,False,
3099670258,2425.10.060,Dadang Suryakancana,L,SMA,PAKET_C,12 IPS 1,Karawang,2009-07-05,Kp. Karokrok Utara  RT 002/RW 002,,AKTIF,False,
0059208426,2425.10.064,Dandi Sugianto,L,SMA,PAKET_C,12 IPS 1,Karawang,2005-12-09,Dusun Cariu I RT. 003 RW. 001,,AKTIF,False,
0082786037,2526. 10. 123,Deca Cahyani,P,SMA,PAKET_C,11 IPS 2,KARAWANG,2008-12-11,PULOSARI,085770285129,AKTIF,False,
0083082381,2425.10.069,Dede,L,SMA,PAKET_C,12 IPS 1,Karawang,2008-02-16,,,AKTIF,False,
3810716917,2425.10.085,Dede Rosadi,L,SMA,PAKET_C,12 IPS 2,Karawang,1981-04-12,Dusun Tanjungsari RT. 001 RW. 005 Desa Pulojaya Kec. Lemahabang,,AKTIF,False,
0081277947,2425.10.004,Deden Darmawan,L,SMA,PAKET_C,12 IPA,KARAWANG,2008-05-23,JLN PRAMUKA,,AKTIF,False,
0095860313,2526. 10. 007,Dedi Priatna,L,SMA,PAKET_C,11 IPA,Karawang,2009-07-23,Dusun III Citajaya,085894410278,AKTIF,False,
0085440502,2526. 10. 008,Dedi Setiadi,L,SMA,PAKET_C,11 IPA,Karawang,2008-02-24,Telagasari Kosambi,089601773860,AKTIF,False,
3125493690,,Dennis Khairurizki,L,SMP,PAKET_B,7 A,Karawang,2012-12-02,Lamaran,088977710049,AKTIF,False,
0097931498,2526. 10. 041,Desita Nur Azizzah,P,SMA,PAKET_C,11 IPA,Karawang,2009-12-14,Jarakah,,AKTIF,False,
0136373808,,Desti Aulia,P,SMP,PAKET_B,7 A,KARAWANG ,2013-12-05,LETER D,,AKTIF,False,
0106633982,,Deva,L,SMP,PAKET_B,7 A,KARAWANG,2010-07-03,Kp. Pulogadung,,AKTIF,False,
0105343714,,Deviane,P,SMA,PAKET_C,10 IPS 1,Karawang,2010-01-22,Pagelaran,083894191774,AKTIF,False,
3135189053,,Devina Natalia,P,SMP,PAKET_B,7 A,KARAWANG,2013-12-28,PASIRMUKTI,0895370496050,AKTIF,False,
0099974231,2425.7.057,Dewa Anggara Putra,L,SMP,PAKET_B,9 A,karawang,2009-05-05,Karokrok Selatan,085813598130,AKTIF,False,
0118909555,2425. 8. 056,Dewa Ram Sakti,L,SMA,PAKET_C,10 IPS 1,KARAWANG,2011-03-16,JALAN PRAMUKA,,AKTIF,False,
0056111504,2526. 10. 124,Dewi Ayu,P,SMA,PAKET_C,11 IPS 2,KARAWANG,2005-02-27,PULOGADUNG,083893503401,AKTIF,False,
0123150327,2425.7.034,Dewi Maharani,P,SMP,PAKET_B,9 B,KARAWANG,2012-02-08,PRAMUKA,,AKTIF,False,
0094092520,2526. 7. 039,Dewi Mustika,P,SMP,PAKET_B,8 B,KARAWANG,2009-10-28,Kp. Pulogadung,08571481042,AKTIF,False,
3881173365,2425.10.086,Dian Darmayanti,P,SMA,PAKET_C,12 IPS 2,Karawang,1988-04-26,Dusun Neglasari RT. 017 RW. 005 Desa Lemahduhur Kec. Tempuran,,AKTIF,False,
0063540309,2425.10.070,Dian Sumarni,P,SMA,PAKET_C,12 IPS 1,Karawang,2006-09-22,Dusun Padatimulya RT. 011 RW. 006. Desa Lemahsubur Kec. Tempuran,,AKTIF,False,
0071302792,2526. 10. 125,Diana Agisna,P,SMA,PAKET_C,11 IPS 2,Karawang,2007-08-18,Linggarsari,088213347603,AKTIF,False,
0088867340,2425.10.053,Diana Putri Lestari,P,SMA,PAKET_C,12 IPS 1,KARAWANG,2008-04-18,JLN PRAMUKA,,AKTIF,False,
0096805969,2526. 10. 126,Didah,P,SMA,PAKET_C,11 IPS 2,KARAWANG,2009-11-13,DUSUN PACOGREG,088213492219,AKTIF,False,
0053439029,2324. 7. 037,Dika,L,SMA,PAKET_C,10 IPS 1,KARAWANG,2005-08-25,Syech Quro,,AKTIF,False,
0096639913,2526. 10. 075,Dika Pratama,L,SMA,PAKET_C,11 IPS 2,KARAWANG,2009-03-06,Dusun Pasirmukti,081211479482,AKTIF,False,
0009856628,2425.10.071,Diki Dulkarnain,L,SMA,PAKET_C,12 IPS 1,Cirebon,2000-02-15,Dusun Krajan III RT. 016 RW. 005 Desa Lemahabang,,AKTIF,False,
0086228352,2526. 10. 127,Dilah Nurhabibah,P,SMA,PAKET_C,11 IPS 2,KARAWANG,2008-10-03,JLN. CILEWO-PANCAWATI,089601764957,AKTIF,False,
0085887716,2526. 10. 111,Dimas Budiantoro,L,SMA,PAKET_C,11 IPS 1,KARAWANG,2008-08-24,Dusun Jarakah RT. 007 RW. 002,,AKTIF,False,
0102031300,2526. 7. 006,Dimas Hadiansyah,L,SMP,PAKET_B,8 A,KARAWANG,2010-07-31,DUSUN SALEM,,AKTIF,False,
0119168391,2324. 7. 010,Dimas Maryadi,L,SMA,PAKET_C,10 IPA,KARAWANG,2011-05-30,JLn.Pramuka,,AKTIF,False,
0085111051,2526. 10. 120,Dina Maryani,P,SMA,PAKET_C,11 IPS 2,KARAWANG,2008-11-05,KRAJAN I RT. 002 RW. 001,,AKTIF,False,
0086848246,2425.10.096,Dira Angraeni,P,SMA,PAKET_C,12 IPS 2,Karawang,2008-12-19,Dusun 03 Pasirkonci,083878604291,AKTIF,False,
0119198523,2324. 7. 011,Dira Pratama,L,SMA,PAKET_C,10 IPA,Karawang,2011-03-06,Jl. Pramuka,083870709099,AKTIF,False,
0077990018,2526. 10. 128,Dirli,L,SMA,PAKET_C,11 IPS 2,Karawang,2007-10-02,Pulosari,085624563778,AKTIF,False,
2088859302,2526. 10. 009,Dwi Fanjaya,L,SMA,PAKET_C,11 IPA,BREBES,2008-05-03,DUSUN SINDANGPALAY RT. 010 RW. 003 DESA PASIRMUKTI KEC. TELAGASARI KAB. KARAWANG,,AKTIF,False,
0109853521,2526. 10. 112,Egi Januar Razak,L,SMA,PAKET_C,11 IPS 1,Karawang,2010-01-18,Blok Kraton,085693249208,AKTIF,False,
0099602434,2324. 7. 012,Eka Kurniawan,L,SMA,PAKET_C,10 IPA,KARAWANG,2009-01-12,Jln.Pramuka,,AKTIF,False,
0094029282,2526. 10. 010,Elby Salwa,P,SMA,PAKET_C,11 IPA,KARAWANG,2009-08-07,NEGLASARI,,AKTIF,False,
0057546703,2425.10.067,Elga Andrian,L,SMA,PAKET_C,12 IPS 1,Karawang,2005-10-30,Dusun Linggarsari ,,AKTIF,False,
3927200593,2425.10.087,Elisa Radi Kusuma,P,SMA,PAKET_C,12 IPS 2,Karawang,1992-02-09,DUSUN LAMPEAN II RT. 004 RW. 008 DESA KEDAWUNG KEC. LEMAHABANG,,AKTIF,False,
0096696425,2526. 10. 085,Endang Muhamad Toha,L,SMA,PAKET_C,11 IPS 1,Karawang,2009-06-27,Dusun Sindangpalay RT. 010 RW. 003 Desa Pasirmukti Kec. Telagasari Kab. Karawang,,AKTIF,False,
9967420091,2526. 10. 146,Eneng Rismawati Agustina,P,SMA,PAKET_C,11 IPS 1,KARAWANG,1996-08-06,Dusun Kebon Kacang RT. 002 RW. 005,,AKTIF,False,
0058466134,2324. 7. 013,Entang Aryanto,L,SMA,PAKET_C,10 IPA,Karawang,2005-12-27,Dusun Krajan RT. 007 RW. 002 Desa Pasirmukti,,AKTIF,False,
3075964865,2526. 6. 010,Erik,L,SMP,PAKET_B,7 B,KARAWANG,2007-03-08,Dusun Cariu I RT. 003 RW. 001,,AKTIF,False,
0106843019,2526. 10. 011,Erina Liyana Fahmida,P,SMA,PAKET_C,11 IPA,Karawang,2010-06-19,Dusun III Citajaya,089513421123,AKTIF,False,
3127090041,2526. 7. 007,Erna Wati,P,SMP,PAKET_B,8 A,Karawang,2012-12-22,Krajan III,,AKTIF,False,
0091407647,2526. 7. 040,Eva Aulia,P,SMP,PAKET_B,8 B,KARAWANG,2010-02-10,PULOSARI,085892369498,AKTIF,False,
0086554957,2526. 10. 042,Evi Nurohimah,P,SMA,PAKET_C,11 IPA,Karawang,2008-11-17,Lemahduhur - Kec. Tempuran - Kab. Karawang,,AKTIF,False,
0096331777,2526. 10. 043,Faddil Abdul Hamid,L,SMA,PAKET_C,11 IPS 2,KARAWANG,2009-12-04,JALAN PRAMUKA,089513354526,AKTIF,False,
0089956398,2526. 10. 129,Fadila Rahma,L,SMA,PAKET_C,11 IPS 2,KARAWANG,2008-01-01,JENEBIN,087887236710,AKTIF,False,
3999794290,2526. 10. 073,Fadli Andriansah,L,SMA,PAKET_C,11 IPS 2,Karawang,1999-12-03,Dusun Krajan I RT. 003 RW. 001 Desa Kedawung,,AKTIF,False,
0099537240,2526. 10. 099,Fahri Bachtiar,L,SMA,PAKET_C,11 IPS 1,KARAWANG,2009-02-22,Dusun. Krajan,085882100075,AKTIF,False,
0077858819,2526. 10. 066,Fahri Husairi,L,SMA,PAKET_C,11 IPS 2,Karawang,2007-06-20,Jln. Telagasari,,AKTIF,False,
0135714584,,Fairel Atharizz Calief,L,SMP,PAKET_B,7 A,CIREBON,2013-08-27,Jalan Desa,0819679469,AKTIF,False,
0094179922,2526. 10. 117,Fajar Syatia,L,SMA,PAKET_C,11 IPS 1,Karawang,2009-04-06,Cariu II,,AKTIF,False,
0091596029,2526. 10. 044,Fajrulsanjia Risqy,L,SMA,PAKET_C,11 IPS 2,KARAWANG,2009-05-16,JALAN PRAMUKA,089601764525,AKTIF,False,
3130974526,,Fanny Septiani,P,SMP,PAKET_B,7 A,Karawang,2013-09-26,Dusun III citajaya,089671826923,AKTIF,False,
0094295123,2526. 10. 147,Fardhan Faturahman,L,SMA,PAKET_C,11 IPS 1,Karawang,2009-10-06,,,AKTIF,False,
0104916625,2425. 8. 053,Farhan,L,SMA,PAKET_C,10 IPS 1,Karawang,2010-02-11,Dusun Krajan IV RT. 003 RW. 009 Desa Talagasari,,AKTIF,False,
0085029175,2425.7.061,Farhan Sahroni,L,SMP,PAKET_B,9 B,KARAWANG,2008-11-19,LAMPEAN-WARINGIKARYA,6285882105372,AKTIF,False,
0091909497,2526. 10. 012,Fatsha Fatimah,P,SMA,PAKET_C,11 IPA,KARAWANG,2009-12-22,JLN.PAMUKA,,AKTIF,False,
0093620934,2526. 7. 041,Fauzan Abdul Azis,L,SMP,PAKET_B,8 B,KARAWANG,2009-05-22,DUSUN CARIU III,,AKTIF,False,
0092546455,2324. 7. 014,Febi Valentina Putri,P,SMA,PAKET_C,10 IPA,KARAWANG,2009-02-15,KEBON KACANG,0895412819031,AKTIF,False,
3165451873,2324. 1. 005,Febri Setiawan,L,SD,UMUM,Kelas 5,Karawang,2016-02-08,Dusun II RT. 009 RW. 003 Desa Kalibuaya,,AKTIF,False,
0113511496,,Firaz Sandiatama Putra Tryana,L,SMP,PAKET_B,9 B,KARAWANG,2011-12-10,SYECH QURO,,AKTIF,False,
0101874891,2526. 10. 013,Fitri Nurreva,P,SMA,PAKET_C,11 IPA,KARAWANG,2010-09-08,Dusun. Kompa,085882100080,AKTIF,False,
0087225430,2526. 10. 153,Galib Kusuma Nur Ladhaim,L,SMA,PAKET_C,11 IPS 1,MOJOKERTO,2008-07-17,Tawang Mbadran RT. 003 RW. 008,,AKTIF,False,
3986659402,2526. 10. 131,Galih Raka Siwi Matondang,L,SMA,PAKET_C,11 IPS 2,LUBUKLINGGAU,1998-03-05,JL. KENANGA II LINTAS RT. 008,,AKTIF,False,
0098419849,,Gilang Ramadan,L,SMA,PAKET_C,11 IPA,Karawang,2009-08-24,Jl. Pramuka,,AKTIF,False,
0108916225,2526. 10. 014,Gina Amelia Darmawan,P,SMA,PAKET_C,11 IPA,KARAWANG,2010-09-04,Jln.Pramuka,,AKTIF,False,
3696015103,2425.7.009,Gino Wandira,L,SMP,PAKET_B,9 A,Karawang,1969-08-05,Dusun Rawasari RT. 004 RW. 002 Desa Talagamulya,,AKTIF,False,
0112693643,,Gita Uswatun Hasanah,P,SMP,PAKET_B,9 B,KARAWANG,2011-03-27,SALEM,,AKTIF,False,
0095875727,2526. 10. 151,Gugun Gunawan,L,SMA,PAKET_C,11 IPS 1,KARAWANG,2009-12-18,PULOSARI,085715433638,AKTIF,False,
3140209372,2223. 1. 001,Hablu Salamah,P,SD,UMUM,Kelas 5,Karawang,2014-06-24,Dusun Sindangpalay RT. 010 RW. 003 Desa Pasirmukti,,AKTIF,False,
0098196056,2425.10.119,Haira Ramadhanti Dwi Putri,P,SMA,PAKET_C,12 IPS 1,KARAWANG,2009-08-25,CILEWO-PANCAWATI,085882104448,AKTIF,False,
0006624847,,Hanapi,L,SMA,PAKET_C,11 IPS 1,(Tidak Diisi),2000-08-27,PULOGADUNG,08568591336,AKTIF,False,
0098495945,2425.10.008,Haris Harianto,L,SMA,PAKET_C,12 IPA,PURBALINGGA,2009-02-05,Tanjungsari,085774314294,AKTIF,False,
3075131954,2425.10.042,Hasan,L,SMA,PAKET_C,12 IPS 1,Karawang,2007-12-07,Dusun Sindangpalay RT. 010 RW. 003 Desa Pasirmukti Kec. Telagasari Kab. Karawang,,AKTIF,False,
3124266100,2526. 7. 008,Hasan As'A'Ri,L,SMP,PAKET_B,8 A,Karawang,2012-05-25,Jalan Pramuka,083807937208,AKTIF,False,
3778573042,2425.10.088,Hasan Narmin,L,SMA,PAKET_C,12 IPS 2,Karawang,1977-01-01,Dusun Tanjungsari RT. 001 RW. 005 Desa Pulojaya Kec. Lemahabang,,AKTIF,False,
0096056834,2526. 10. 015,Hatiya Ulviah,P,SMA,PAKET_C,11 IPA,KARAWANG,2009-12-06,JALAN PRAMUKA,0895365912221,AKTIF,False,
0092164447,2425.10.009,Hawazen,P,SMA,PAKET_C,12 IPA,Karawang,2009-05-10,,,AKTIF,False,
0065005374,2526. 10. 149,Helisah,P,SMA,PAKET_C,11 IPS 1,KARAWANG,2006-06-04,Kp. Pulogadung RT. 005 RW. 002,,AKTIF,False,
3868668125,2526. 10. 072,Herman Permana,L,SMA,PAKET_C,11 IPS 2,Karawang,1986-06-11,Dusun Cariu I RT. 002 RW. 001 Desa Cariumulya,,AKTIF,False,
3137556062,,Hermawan,L,SMP,PAKET_B,7 A,Batang hari,2013-09-04,Jalan Pramuka,085810483790,AKTIF,False,
0117004380,2425.7.062,Hikmal Mauludin,L,SMP,PAKET_B,9 B,Karawang,2011-12-07,Linggarsari,0895603037711,AKTIF,False,
0087952503,2425.10.056,Hilda Nuragustien,P,SMA,PAKET_C,12 IPS 1,KARAWANG,2008-08-17,Dusun II RT. 12 RW. 004,,AKTIF,False,
0096464923,2526. 10. 016,Hodijah,P,SMA,PAKET_C,11 IPA,Karawang,2009-09-27,Jalan Pramuka,085794385011,AKTIF,False,
3079026567,2425.10.047,Husen,L,SMA,PAKET_C,12 IPS 1,Karawang,2007-12-07,Dusun Sindangpalay RT. 010 RW. 003 Desa Pasirmukti Kec. Telagasari Kab. Karawang,,AKTIF,False,
0139686743,,Husna Anisa Tunnur,P,SMP,PAKET_B,7 A,Karawang,2013-05-07,Dusun III Citajaya,,AKTIF,False,
0103562665,,Husni Fadillah,L,SMA,PAKET_C,11 IPS 1,Karawang,2010-06-19,-,,AKTIF,False,
0073683492,2425.10.005,Ibrahim Nurjaya,L,SMA,PAKET_C,12 IPA,Karawang,2007-01-03,Dusun Gempol Tengah RT. 011 RW. 006 Desa Purwadana,,AKTIF,False,
0128907418,,Ilyas Albukhori,L,SD,UMUM,Kelas 1,KARAWANG,2012-12-05,Pasirtalaga I,,AKTIF,False,
0114672457,2425.7.035,Indah,P,SMP,PAKET_B,9 A,Karawang,2011-06-19,Jalan Pramuka,089513367255,AKTIF,False,
3895510359,2526. 7. 072,Indra,L,SMP,PAKET_B,8 B,Karawang,1989-07-01,Dusun Cengkeh I RT. 008 RW. 002 Desa Ciwaringin,,AKTIF,False,
0129602448,2526. 7. 009,Indri Julia Putri,P,SMP,PAKET_B,8 A,Karawang,2012-07-20,Jalan Pramuka,,AKTIF,False,
0125193203,2526. 7. 010,Intan Ayu,P,SMP,PAKET_B,8 A,Karawang,2012-11-01,Kp. Kalijurang,088289462140,AKTIF,False,
0114331114,2425.7.010,Intan Erlita,P,SMP,PAKET_B,9 A,Karawang,2011-09-22,Dusun II,088219902410,AKTIF,False,
0107585559,2425.7.011,Ira Octaviani,P,SMP,PAKET_B,9 A,KARAWANG,2010-10-12,RAWAGABUS POST,083806348110,AKTIF,False,
0087442533,2425.10.072,Irfan,L,SMA,PAKET_C,12 IPS 1,Karawang,2008-08-17,Kp. Baru II,,AKTIF,False,
0091413884,2526. 7. 044,Irma Nadila,P,SMP,PAKET_B,8 B,KARAWANG,2009-11-24,Kp. Pulogadung,,AKTIF,False,
0069889376,2526. 10. 017,Irpan Ardiansah,L,SMA,PAKET_C,11 IPA,Karawang,2006-11-13,Linggarsari,,AKTIF,False,
0083688555,2425.10.073,Ival Ramadan,L,SMA,PAKET_C,12 IPS 1,Karawang,2008-09-16,Jalan Raya Telagasari-Tempuran,,AKTIF,False,
0101531521,2526. 7. 011,Iyad Supriyadi,L,SMP,PAKET_B,8 A,Karawang,2010-12-28,Jalan Pramuka,085691832819,AKTIF,False,
3021774307,2425.10.089,Jafar Ali Rafsanjani,L,SMA,PAKET_C,12 IPS 2,Karawang,2002-05-10,Dusun Krajan II RT. 012 RW. 004 Desa Lemahabang Kec. Lemahabang,,AKTIF,False,
0094546799,2526. 10. 101,Jahra Tusita,P,SMA,PAKET_C,11 IPS 1,KARAWANG,2009-11-27,KP.CITAMAN,085890326967,AKTIF,False,
0034811231,2526. 10. 132,Jajang Gunawan,L,SMA,PAKET_C,11 IPS 2,KARAWANG,2003-01-13,Kp. Linggarsari RT. 006 RW. 002,,AKTIF,False,
0122252764,,Jakaria,L,SMP,PAKET_B,8 A,Karawang,2012-01-15,Jn. Cariu,,AKTIF,False,
0125119891,2425.7.036,Jalaludin,L,SMP,PAKET_B,9 B,KARAWANG,2012-02-24,Dusun III Citajaya,082111952875,AKTIF,False,
3724398068,2425.10.062,Jedi Junaedi,L,SMA,PAKET_C,12 IPS 1,KARAWANG,1972-03-06,DUSUN I RT. 006 RW. 002,,AKTIF,False,
0115921217,2425.7.037,Jiddan Rahmadan,L,SMP,PAKET_B,9 B,Jeddah,2011-08-19,Dsn. Sukagalih,085695276403,AKTIF,False,
0108732792,2324. 7. 016,Jimy Arevan,L,SMA,PAKET_C,10 IPA,KARAWANG,2010-06-04,Dusun. Kebon Kacang,085882100016,AKTIF,False,
0108007921,2526. 6. 021,Juan Revi Permana,L,SMP,PAKET_B,7 B,KARAWANG,2010-06-18,PAGELARAN,08960465231,AKTIF,False,
0107751960,,Juwita Sari,P,SMP,PAKET_B,7 A,Karawang,2010-06-18,Jalan Pramuka,085773332378,AKTIF,False,
3128099412,2425.7.012,Kaila Nurmala,P,SMP,PAKET_B,9 A,Karawang,2012-06-21,Jln.Pramuka,,AKTIF,False,
0132736808,,Kaila Senda,P,SMP,PAKET_B,7 A,Karawang,2013-10-19,Dusun 03 Pasirkonci,083876669338,AKTIF,False,
0117487615,2526. 6. 011,Kamal Fazriyan,L,SMP,PAKET_B,7 B,KARAWANG,2011-07-10,Dusun Pondokbales RT. 001 RW. 001,,AKTIF,False,
0093792540,2425.10.010,Kania Apriliani,P,SMA,PAKET_C,12 IPA,KARAWANG,2009-04-27,JLN PRAMUKA,,AKTIF,False,
3776655374,2425.7.063,Karta Rasmita,L,SMP,PAKET_B,9 B,Karawang,1977-07-07,Dusun Cariu I RT. 017 RW. 00I Desa Cariumulya,,AKTIF,False,
0096781169,2526. 10. 045,Kartini,P,SMA,PAKET_C,11 IPA,Karawang,2009-10-13,Bojong Karya,,AKTIF,False,
3980207467,2526. 7. 071,Kartono,L,SMP,PAKET_B,8 B,Karawang,1998-09-18,Dusun II RT.010 RW.04 Ds.Kalibuaya Kec.Telagasari Kab.Karawang ,,AKTIF,False,
0103438462,2324. 7. 017,Keyla Indriani,P,SMA,PAKET_C,10 IPA,Karawang,2010-05-02,Jl. Pramuka,085691832845,AKTIF,False,
3117476023,2526. 7. 070,Keyla Putri Hastiar,P,SMP,PAKET_B,8 B,KARAWANG,2011-05-13,Dusun salem pasirkamuning,,AKTIF,False,
3852287567,2526. 10. 107,Kokom Komariah,P,SMA,PAKET_C,11 IPS 1,Karawang,1985-05-11,Dusun Cengkjeh II RT. 003 RW. 001 Desa Ciwaringin,,AKTIF,False,
3809712135,2425.7.064,Kurnia,P,SMP,PAKET_B,9 B,Karawang,1980-09-18,Dusun Cariu I RT. 001 RW. 001 Desa Cariumulya Kec. Telagasari,,AKTIF,False,
3980768561,,Kurnia,P,SMP,PAKET_B,8 A,KARAWANG,1998-08-09,Dusun Rawasari RT. 008 RW. 003,,AKTIF,False,
3992904957,2324. 7. 051,Kurniawan,L,SMA,PAKET_C,10 IPA,Karawang,1999-07-11,Kepuh Al Jariyah RT. 002 RW. 015 Kelurahan Karangpawitan,,AKTIF,False,
0111622785,,Kurniyawan,L,SMA,PAKET_C,10 IPA,KARAWANG,2011-06-19,WAGIRJENGKOL,,AKTIF,False,
3027036013,2425.10.090,Kusmala,L,SMA,PAKET_C,12 IPS 2,Karawang,2002-12-29,Kp. Gadel Sari RT. 009 RW. 008 Desa Kalisari Kec. Telagasari,,AKTIF,False,
0111382152,2526. 7. 045,Lani,L,SMP,PAKET_B,8 B,Karawang,2011-02-10,Jln. Desa Cilewo,,AKTIF,False,
3856832069,2425.10.091,Lela Nurlatipah,P,SMA,PAKET_C,12 IPS 2,Karawang,1985-03-10,Dusun Neglasari RT. 017 RW. 005 Desa Lemahduhur Kec. Tempuran,,AKTIF,False,
0039531089,2526. 9. 059,Leni Yulian,P,SMA,PAKET_C,10 IPS 1,KARAWANG,2003-07-05,Dusun Burandul RT. 006 RW. 003,,AKTIF,False,
0096951482,2425.10.061,Lenna Nuryani,P,SMA,PAKET_C,12 IPS 1,Karawang,2009-03-31,Jl. Raya Ciranggon,0895320308543,AKTIF,False,
3874819226,2526. 10. 154,Lilis Dewi Fitria,P,SMA,PAKET_C,11 IPS 1,Karawang,1987-08-07,Dusun Mekarsari RT. 10 RW. 03,,AKTIF,False,
3988802958,2526. 10. 102,Lopiah,P,SMA,PAKET_C,11 IPS 1,Tangerang,1998-01-19,"Dusun Pasir Ela RT, 019 RW. 005 Desa Darawolong",,AKTIF,False,
0127380367,2526. 7. 012,Luffyana Khabir,L,SMP,PAKET_B,8 A,Karawang,2012-03-15,Jalan Pramuka,,AKTIF,False,
0099678474,2526. 10. 157,Lutfi Mubarok,L,SMA,PAKET_C,11 IPA,KARAWANG,2009-06-06,JALAN PRAMUKA,083879795200,AKTIF,False,
0084888719,2425.10.051,M Ezhar Fadhurahman,L,SMA,PAKET_C,12 IPS 1,JAKARTA,2008-05-11,Jl. KiAjurum Jembatan II,083812762315,AKTIF,False,
0096751998,2526. 10. 046,M Sadad Miftahudin,L,SMA,PAKET_C,11 IPS 2,CIANJUR,2009-01-04,KP. TUGARAN RT 002/012,,AKTIF,False,
0118745108,,M. Alfaro Qidam Ramdhani,L,SMP,PAKET_B,7 A,BREBES,2011-08-20,PERUM GRIYA PESONA ASRI,08987249871,AKTIF,False,
,,M. Giparana As Sidik,L,SMP,PAKET_B,7 B,KARAWANG,2007-02-22,Dusun Ciluwek RT. 003 RW. 010,,AKTIF,True,NISN kosong pada data sumber
0115332403,,M. Hambali,L,SMA,PAKET_C,10 IPA,Karawang,2011-03-14,Karangjaya,081287165568,AKTIF,False,
0116266979,2425.7.013,M. Hisam As'Ari,L,SMP,PAKET_B,9 A,Karawang,2011-01-22,Jalan Pramuka,,AKTIF,False,
3102509437,2425.7.065,M. Nur Azizi Putra Mr,L,SMP,PAKET_B,9 B,Tegal,2010-07-28,Dusun Karang Salam,,AKTIF,False,
0109161951,2526. 10. 018,M.Japar Sidiq,L,SMA,PAKET_C,11 IPA,Karawang,2010-01-21,Jalan Pramuka,0896701175066,AKTIF,False,
0091846786,2526. 10. 047,Malvin Ilham Maulidana,L,SMA,PAKET_C,11 IPS 2,Karawang,2009-03-11,,,AKTIF,False,
0115446972,2425.7.014,Mariam Sri Puspitasari,P,SMP,PAKET_B,9 A,Karawang,2011-03-23,Jln.Pramuka,,AKTIF,False,
3129581562,,Marni Apriyanti,P,SMP,PAKET_B,8 A,Karawang,2012-01-08,Jln. Cariu,,AKTIF,False,
0102936464,2526. 10. 133,Martin,L,SMA,PAKET_C,11 IPS 2,Karawang,2010-03-06,telagasari kosambi,085888334225,AKTIF,False,
0113272629,2425.7.015,Maryani,P,SMP,PAKET_B,9 A,Karawang,2011-04-02,Jln.Pramuka,,AKTIF,False,
3189308301,2526. 1. 001,Maximillian Alvaro Halim,L,SD,UMUM,Kelas 2,DENPASAR,2018-09-15,,,AKTIF,False,
0112081937,2324. 7. 018,May Hani Saputri,P,SMA,PAKET_C,10 IPA,KARAWANG,2011-05-05,JALAN PRAMUKA,,AKTIF,False,
3956832374,2526. 10. 113,Mega Trisnariri,P,SMA,PAKET_C,11 IPS 1,KARAWANG,1995-12-15,Dusun Sindangpalay RT. 012 RW  003,,AKTIF,False,
0099728719,2526. 10. 076,Melati Amelya,P,SMA,PAKET_C,11 IPA,Karawang,2009-06-04,Jl. Raya Salem Pasirkamuning,,AKTIF,False,
0112176310,2324. 7. 052,Mey Indriani,P,SMA,PAKET_C,10 IPS 2,KARAWANG,2011-05-15,Jln.Pramuka,,AKTIF,False,
0104431100,2526. 10. 086,Mohamad Abdul Rosid,L,SMA,PAKET_C,11 IPS 1,Karawang,2010-04-24,Jalan Pramuka,089604314116,AKTIF,False,
0088912592,2526. 10. 077,Mohamad Rizki,L,SMA,PAKET_C,11 IPA,Karawang,2008-07-15,Telagasari,085777805378,AKTIF,False,
3103850098,,Muhamad,L,SMA,PAKET_C,10 IPA,KARAWANG,2010-12-15,-,085778403746,AKTIF,False,
0087480499,2425.10.074,Muhamad Abdul Latif,L,SMA,PAKET_C,12 IPS 1,KARAWANG,2008-06-25,-,085861344447,AKTIF,False,
0066298331,2526. 7. 046,Muhamad Azis Maulana,L,SMP,PAKET_B,8 B,KARAWANG,2006-11-26,Kp. Pulogadung RT. 003 RW. 001,,AKTIF,False,
0098358938,2526. 10. 087,Muhamad Bagir Munpahir,L,SMA,PAKET_C,11 IPS 1,Cianjur,2009-01-19,Jalan Pramuka,089604394960,AKTIF,False,
0081986394,2425.10.011,Muhamad Bubun Syaepudin,L,SMA,PAKET_C,12 IPA,Karawang,2008-10-28,Jln. Pramuka,0895336903635,AKTIF,False,
0092694420,2526. 10. 088,Muhamad Dikril Mundakir,L,SMA,PAKET_C,11 IPS 1,Cianjur,2009-01-19,Jalan Pramuka,089604394960,AKTIF,False,
3147337099,2223. 1. 002,Muhamad Dzikri Zalaludin,L,SD,UMUM,Kelas 5,Karawang,2014-05-14,Dusun I RT. 006 RW. 002 Desa Kalibuaya,,AKTIF,False,
3121735508,2526. 7. 017,Muhamad Eka Septian,L,SMP,PAKET_B,8 A,KARAWANG,2012-09-16,JL. RAYA CEMPLANG CADASARI KM 6.5,081291380180,AKTIF,False,
0102453193,2324. 7. 019,Muhamad Fahri,L,SMA,PAKET_C,10 IPA,Karawang,2010-01-18,Jalan Pramuka,,AKTIF,False,
3127950649,2526. 7. 013,Muhamad Fahri,L,SMP,PAKET_B,8 A,Karawang,2012-05-25,Jalan Pramuka,,AKTIF,False,
0102355125,2324. 7. 020,Muhamad Fauzi,L,SMA,PAKET_C,10 IPA,KARAWANG,2010-04-28,JLn.Pramuka,,AKTIF,False,
0149138043,,Muhamad Fazar,L,SMP,PAKET_B,7 A,Karawang,2014-03-06,Gombong,085892127278,AKTIF,False,
0108394235,2324. 7. 021,Muhamad Hasan Sadili,L,SMA,PAKET_C,10 IPA,Karawang,2010-07-29,Jalan Pramuka,,AKTIF,False,
0097141631,2425.10.117,Muhamad Ikbal,L,SMA,PAKET_C,12 IPS 1,KARAWANG,2009-05-23,Sukaasih,085774606038,AKTIF,False,
0106011098,2324. 7. 022,Muhamad Ilham,L,SMA,PAKET_C,10 IPA,KARAWANG,2010-11-21,Jln.Pramuka,,AKTIF,False,
0104495725,2324. 7. 023,Muhamad Ilham Baehaqi,L,SMA,PAKET_C,10 IPA,Karawang,2010-01-25,Jalan Pramuka,,AKTIF,False,
3020116755,2526. 7. 065,Muhamad Iqbal,L,SMP,PAKET_B,8 B,Karawang,2002-09-04,Dusun Lampean I RT. 001 RW. 005 Desa Kedawung,,AKTIF,False,
0106439789,2324. 7. 024,Muhamad Iyan Septian,L,SMA,PAKET_C,10 IPA,KARAWANG,2010-09-23,Jln.Pramuka,,AKTIF,False,
0137602027,,Muhamad Japar Sidik,L,SMP,PAKET_B,7 A,KARAWANG,2013-07-20,KP.CITAMAN,,AKTIF,False,
0075835779,2526. 10. 134,Muhamad Jauharil Fuadi,L,SMA,PAKET_C,11 IPS 2,Karawang,2007-04-15,Dusun Pacogreg,088211657897,AKTIF,False,
3179623000,2425. 1. 002,Muhamad Ligar Abdilah,L,SD,UMUM,Kelas 3,Karawang,2017-01-15,Dusun Belendung 02 RT. 009 RW. 003 Desa Sumberjaya Kec. Tempuran Kab. Karawang,,AKTIF,False,
0086681614,2526. 10. 048,Muhamad Mardi,L,SMA,PAKET_C,11 IPS 2,Karawang,2008-07-22,Jalan Pramuka,085697808900,AKTIF,False,
0121113102,2425.7.066,Muhamad Maulana Yahya,L,SMP,PAKET_B,9 B,KARAWANG,2012-03-29,KP. TANJUNG SARI,,AKTIF,False,
3095954834,2526. 10. 049,Muhamad Najril,L,SMA,PAKET_C,11 IPS 2,CIANJUR,2009-10-14,KP. CISALAK,,AKTIF,False,
3121812630,2526. 7. 014,Muhamad Naufal,L,SMP,PAKET_B,8 A,Karawang,2012-06-23,Jalan Pramuka,,AKTIF,False,
3186611171,2526. 1. 002,Muhamad Patih,L,SD,UMUM,Kelas 2,KARAWANG,2018-08-11,,,AKTIF,False,
0091158859,,Muhamad Ramdhani,L,SMP,PAKET_B,8 B,Karawang,2009-12-17,Pasirtalaga,083876944246,AKTIF,False,
0088552474,2425.10.098,Muhamad Rizki Ibrahim,L,SMA,PAKET_C,12 IPS 2,KARAWANG,2008-12-02,,,AKTIF,False,
0092063499,2526. 10. 050,Muhamad Saripuloh,L,SMA,PAKET_C,11 IPS 2,KARAWANG,2009-09-28,SALEM,,AKTIF,False,
0125624901,2526. 7. 015,Muhamad Sutrisna,L,SMP,PAKET_B,8 A,Karawang,2012-05-10,Jalan Pramuka,,AKTIF,False,
0075751175,,Muhamad Yusuf,L,SMA,PAKET_C,12 IPS 2,Karawang,2007-01-19,Jln. Pramuka,085894403358,AKTIF,False,
3200294276,,Muhamad Zaenal Abidin,L,SD,UMUM,Kelas 1,BANDUNG,2020-01-28,-,,AKTIF,False,
3049634147,2526. 10. 089,Muhammad,L,SMA,PAKET_C,11 IPS 1,KARAWANG,2004-05-22,Dusun Sindangpalay RT. 010 RW. 003 ,,AKTIF,False,
0097968439,2526. 7. 047,Muhammad Abdilah,L,SMP,PAKET_B,8 B,Karawang,2009-12-05,Pramuka,,AKTIF,False,
0091382701,2526. 10. 051,Muhammad Al Qodry,L,SMA,PAKET_C,11 IPS 2,KARAWANG,2009-09-03,Jln.Pramuka,,AKTIF,False,
0107691098,2324. 7. 025,Muhammad Asep Mubarok,L,SMA,PAKET_C,10 IPA,KARAWANG,2010-08-03,Jln.Pramuka,,AKTIF,False,
0115893446,2425.7.016,Muhammad Cahya Aditya,L,SMP,PAKET_B,9 A,Karawang,2011-10-04,Jln.Pramuka,,AKTIF,False,
3022174286,2425.10.048,Muhammad Diki Abdilah,L,SMA,PAKET_C,12 IPS 1,Karawang,2002-08-01,Dusun Sindangpalay RT. 010 RW. 003 Desa Pasirmukti Kec. Telagasari Kab. Karawang,,AKTIF,False,
0073793951,2425.10.012,Muhammad Fadhil,L,SMA,PAKET_C,12 IPA,KARAWANG,2007-12-20,PRAMUKA,,AKTIF,False,
0095244436,2324. 7. 026,Muhammad Fajar Abdilah,L,SMA,PAKET_C,10 IPA,Karawang,2009-02-06,Jln. Pramuka,,AKTIF,False,
0168885220,2324. 1. 002,Muhammad Fakhri Zhafran Khairy,L,SD,UMUM,Kelas 4,Karawang,2016-06-27,Dusun I RT. 005 RW. 002 Desa Kalibuaya,,AKTIF,False,
,,Muhammad Habibur Rohman,L,SMP,PAKET_B,7 A,JAKARTA,2014-04-27,Kapuk GG Empang RT. 013 RW. 012,,AKTIF,True,NISN kosong pada data sumber
0133998048,2324. 4. 001,Muhammad Hasbi Suhernowo,L,SMP,PAKET_B,7 B,Karawang,2013-08-21,Griya Pesona Asri A8/23A RT. 064/018 Desa Duren,,AKTIF,False,
3130777944,,Muhammad Ihsan,L,SMP,PAKET_B,7 A,KARAWANG,2013-08-13,PRAMUKA,0895404766789,AKTIF,False,
3191656889,,Muhammad Ilyas Anwarudi,L,SD,UMUM,Kelas 1,KAUPATEN KARAWANG,2019-06-20,-,,AKTIF,False,
0053465290,2324. 7. 046,Muhammad Iqbal,L,SMA,PAKET_C,10 IPS 1,Karawang,2005-10-13,Dusun Krajan RT. 003 RW. 001 Desa Bayurkidul,,AKTIF,False,
0046627098,2526. 10. 109,Muhammad Khirsyi Alaek,L,SMA,PAKET_C,11 IPS 1,Brebes,2004-11-12,Jatirokeh,,AKTIF,False,
3133390495,,Muhammad Luthfi Hafiludin,L,SMP,PAKET_B,7 A,Karawang,2013-05-13,Jalan pramuka,,AKTIF,False,
0094886911,2526. 10. 052,Muhammad Rafi Nurfa'I,L,SMA,PAKET_C,11 IPS 2,KARAWANG,2009-05-26,JALAN PRAMUKA,089501673371,AKTIF,False,
0089145029,2425.10.013,Muhammad Rizky Ramli,L,SMA,PAKET_C,12 IPA,KARAWANG,2008-07-27,JLN PRAMUKA,,AKTIF,False,
3122099792,,Muhammad Rizqi Pratama,L,SMP,PAKET_B,7 B,Tangerang,2012-02-09,-,,AKTIF,False,
0082257973,,Muhammad Rizwan Ramadhan,L,SMA,PAKET_C,12 IPS 2,Karawang,2008-09-22,Telagasari,081317139481,AKTIF,False,
0087525526,2425.10.014,Muhammad Salman Alfarizi,L,SMA,PAKET_C,12 IPA,Karawang,2008-08-14,Jln. Pramuka,089685280534,AKTIF,False,
0083431802,,Muhammad Sirojudin Tabit,L,SMA,PAKET_C,12 IPS 1,Bekasi,2008-04-06,Dusun Pacogreg,085755048836,AKTIF,False,
0105622916,2324. 7. 027,Muhammad Wahyu Padilah,L,SMA,PAKET_C,10 IPA,Karawang,2010-06-26,Jalan Pramuka,08551170613,AKTIF,False,
0096727630,2526. 10. 019,Muhanaz Devin Saputra,L,SMA,PAKET_C,11 IPA,Karawang,2009-12-02,Jl Pramuka,089633480702,AKTIF,False,
0098973387,2425.7.067,Muhdar,L,SMP,PAKET_B,9 B,KARAWANG,2009-12-13,BAYUR 01,,AKTIF,False,
0099973689,2425.10.015,Muhidin,L,SMA,PAKET_C,12 IPA,KARAWANG,2009-05-06,PULOHAUR,085624707986,AKTIF,False,
3948028090,2425.10.112,Mulyana,L,SMA,PAKET_C,12 IPS 2,Karawang,1994-01-03,Pasir Jengkol RT. 006 RW. 012,,AKTIF,False,
0099818036,2526. 10. 020,Munawaroh Anisa,P,SMA,PAKET_C,11 IPA,Karawang,2009-11-30,Jalan Pramuka,089510146870,AKTIF,False,
0078334940,2324. 7. 028,Munip Nastin Julianto,L,SMA,PAKET_C,10 IPA,KARAWANG,2007-07-18,Margasalam,08568794604,AKTIF,False,
3814937816,2425.7.068,N. Wintarsih,P,SMP,PAKET_B,9 B,Karawang,1981-08-15,Dusun Cariu I RT. 002 RW. 00I Desa Cariumulya,,AKTIF,False,
2081407278,2526. 10. 021,Nabil Isyahputra,L,SMA,PAKET_C,11 IPA,JAKARTA,2008-03-04,JL. PISANGAN LAMA I,,AKTIF,False,
0109679204,2324. 7. 029,Nada Mufidah,P,SMA,PAKET_C,10 IPA,KARAWANG,2010-04-28,Jln.Pramuka,085882571441,AKTIF,False,
0097784741,2425.10.016,Nadia Nuraeni,P,SMA,PAKET_C,12 IPA,Karawang,2009-10-09,Jln. Pramuka,085782238638,AKTIF,False,
0109334910,2526. 10. 158,Nadin Marsela,P,SMA,PAKET_C,11 IPA,Karawang,2010-02-20,Dsn PanyalinBanyu Rt 01/04 Desa Cadaskertajaya,,AKTIF,False,
0094522458,2425.10.055,Naila Khoirunnisa,P,SMA,PAKET_C,12 IPS 1,KARAWANG,2009-02-09,Dusun II RT. 12 RW. 004,,AKTIF,False,
0085789840,2425.10.017,Naili Musyarrofah,P,SMA,PAKET_C,12 IPA,Karawang,2008-07-20,Ciranggon,083806063555,AKTIF,False,
0088008151,2526. 10. 150,Nanda Nandika,L,SMA,PAKET_C,11 IPS 1,KARAWANG,2008-12-03,PULOSARI,085714844928,AKTIF,False,
0111658915,,Nanda Naysiroh,P,SMP,PAKET_B,7 A,KARAWANG,2011-06-12,Kp. Pulogadung,,AKTIF,False,
0081204544,2425.10.018,Naya Larasati,P,SMA,PAKET_C,12 IPA,KARAWANG,2008-03-27,,,AKTIF,False,
3139100131,2526. 7. 020,Nayila Dewi Cantika,P,SMP,PAKET_B,8 A,KARAWANG,2013-02-04,Jln. Pasirkonci,081382893906,AKTIF,False,
3134588142,,Nazwa Meilani,P,SMP,PAKET_B,7 A,KARAWANG,2013-05-28,SYEH QURO,,AKTIF,False,
3821563442,2526. 10. 090,Nendi,L,SMA,PAKET_C,11 IPS 1,KARAWANG,1982-10-09,KP. GADEL SARI RT. 010 RW. 008,,AKTIF,False,
0052865577,2324. 7. 047,Nendra Nugraha,L,SMA,PAKET_C,10 IPS 1,Karawang,2005-06-27,Dusun Jarong Kulon RT. 011 RW. 005 Desa Kiara,,AKTIF,False,
0087031424,2425.10.019,Neng Lela Sulastri,P,SMA,PAKET_C,12 IPA,Karawang,2008-05-21,Jln. Pramuka,085695423468,AKTIF,False,
0094824186,2425.7.069,Nova Dharmawan,L,SMP,PAKET_B,9 B,KARAWANG,2009-11-13,BAYUR 01,,AKTIF,False,
0107639627,2526. 10. 053,Nur Alia,P,SMA,PAKET_C,11 IPA,Karawang,2010-10-15,Kp Tanjungsari,085780431321,AKTIF,False,
0108072756,2526. 7. 060,Nur Intan Chofifah,P,SMP,PAKET_B,8 A,KARAWANG,2010-10-20,Dusun Bayur 02 RT. 009 RW. 003,,AKTIF,False,
0113512028,,Nur Jamil Hoer,L,SD,UMUM,Kelas 6,Karawang,2011-09-21,Jln.Pramuka,,AKTIF,False,
3105389870,2324. 7. 031,Nurhayati,P,SMA,PAKET_C,10 IPA,KARAWANG,2010-11-12,Jl. Pramuka,085894403421,AKTIF,False,
3932669441,2324. 7. 038,Nurjanah,P,SMA,PAKET_C,10 IPS 1,Karawang,1993-05-11,Dusun Kebon Kacang RT. 002 RW. 005 Desa Cimahi,,AKTIF,False,
3882985808,2526. 10. 144,Nurmala,P,SMA,PAKET_C,11 IPS 1,KARAWANG,1988-12-06,Balongjambe RT. 001 RW. 011,,AKTIF,False,
0077102070,2526. 10. 135,Nurshifa Aulia,P,SMA,PAKET_C,11 IPS 2,Karawang,2007-01-18,Linggarsari,088293316978,AKTIF,False,
0125292567,2526. 7. 049,Nurshinta,P,SMP,PAKET_B,8 B,KARAWANG,2012-10-30,CARIU,085886896169,AKTIF,False,
0075473433,2526.11.124,Nurul Hanipah,P,SMA,PAKET_C,12 IPS 1,Karawang,2007-04-01,Jln. Pramuka,085691049364,AKTIF,False,
0111899807,2425.7.039,Nurul Hidayat,L,SMP,PAKET_B,9 B,KARAWANG,2011-02-18,CARIU III,,AKTIF,False,
0106961755,2526. 7. 050,Nurul Indasari Maya,P,SMP,PAKET_B,8 B,Karawang,2010-04-12,Dusun Gedangmanggala,,AKTIF,False,
0073404882,2425.10.075,Pahad Rizki,L,SMA,PAKET_C,12 IPS 1,Karawang,2007-06-12,Dusun Sindangpalay RT. 012 RW. 003 Desa Pasirmukti,,AKTIF,False,
0107802139,2425.7.040,Paisal Zuhri,L,SMP,PAKET_B,9 B,Karawang,2010-11-17,Jalan Pramuka,085780479953,AKTIF,False,
0082510000,2425.10.020,Parid Hamzah,L,SMA,PAKET_C,12 IPA,KARAWANG,2008-04-01,CITAMAN,,AKTIF,False,
0098507934,2425.10.021,Patonah,P,SMA,PAKET_C,12 IPA,CIANJUR,2009-07-10,KP. CISEEL,,AKTIF,False,
0034088852,2425.10.049,Pebri Pirmansyah,L,SMA,PAKET_C,12 IPS 1,KARAWANG,2003-02-03,Pramuka,,AKTIF,False,
0128734943,2425.7.053,Pelita Wulan Ratna Antika,P,SMP,PAKET_B,9 B,KARAWANG,2011-07-03,Syech Quro,6281585553440,AKTIF,False,
3011981642,2425.10.092,Peri,L,SMA,PAKET_C,12 IPS 2,Karawang,2001-06-09,Kp. Gadel Sari RT. 009 RW. 004 Desa Kalisari Kec. Telagasari,,AKTIF,False,
0107254098,2526. 10. 078,Pipih Warsiyani,P,SMA,PAKET_C,11 IPA,KARAWANG,2010-01-09,SALEM,,AKTIF,False,
0112747661,,Puput Nur Maulida,P,SMP,PAKET_B,8 A,KARAWANG,2011-12-02,JALAN PRAMUKA,08986248390,AKTIF,False,
0109554230,2526. 10. 136,Putra Hairil Anwar,L,SMA,PAKET_C,11 IPS 2,KARAWANG,2010-03-03,,,AKTIF,False,
0109745292,2425.7.041,Rafa Adetia,L,SMP,PAKET_B,9 B,Karawang,2010-12-23,Dusun. Kebon Kacang,085882099954,AKTIF,False,
0087611827,2425.10.026,Raffi Ahmad Wahyudi,L,SMA,PAKET_C,12 IPA,KARAWANG,2008-06-29,KRAJAN 001/001,,AKTIF,False,
0083842231,2526. 10. 137,Rafif Ahmad Budianto,L,SMA,PAKET_C,11 IPS 2,Karawang,2008-03-07,Kp. Tanjung Utara,085889368655,AKTIF,False,
0095389722,2526. 10. 022,Rafika Sapiratul Nisa,P,SMA,PAKET_C,11 IPA,KARAWANG,2009-11-23,JLN.PRAMUKA,,AKTIF,False,
0097363072,2526. 10. 023,Rafkatul Rizal,L,SMA,PAKET_C,11 IPA,KARAWANG,2009-11-23,JLN.PRAMUKA,,AKTIF,False,
0061902815,2526. 10. 138,Rafli Munajar,L,SMA,PAKET_C,11 IPS 2,KARAWANG,2006-03-13,Pulogadung,085218014202,AKTIF,False,
0091321672,2526. 10. 024,Rafly Anwar Nursipa,L,SMA,PAKET_C,11 IPA,KARAWANG,2009-12-09,JALAN PRAMUKA,085658280586,AKTIF,False,
0094407705,2425.10.118,Rahadi Prasetyo,L,SMA,PAKET_C,12 IPS 1,Sangatta,2009-01-06,Jl. Santai,081351761176,AKTIF,False,
0098446973,2526. 6. 013,Rahayu,P,SMP,PAKET_B,7 B,KARAWANG,2009-12-10,Dusun Cariu I RT. 003 RW. 001,,AKTIF,False,
0094824371,,Rahayu Lestari,P,SMA,PAKET_C,10 IPA,KARAWANG,2009-12-09,Ciluwek,081280875907,AKTIF,False,
0104982852,2526. 10. 079,Rahmawatilusyani,P,SMA,PAKET_C,11 IPA,Karawang,2010-06-21,,,AKTIF,False,
0092578081,2526. 10. 091,Raihan Hidayat,L,SMA,PAKET_C,11 IPS 1,KARAWANG,2009-07-15,JLN.PRAMUKA,,AKTIF,False,
0116132054,2425.7.018,Rama Adriansyah,L,SMP,PAKET_B,9 A,KARAWANG,2011-07-29,SUROTOKUNTO,08881546398,AKTIF,False,
0135600363,2526. 7. 021,Ramana Saputra,L,SMP,PAKET_B,8 A,Karawang,2013-01-07,Dusun III Citajaya,,AKTIF,False,
0113634679,2425.7.042,Rangga Subi,L,SMP,PAKET_B,9 B,KARAWANG,2011-12-12,PRAMUKA,085890091097,AKTIF,False,
3935113948,2425.7.058,Rani Ratnasari,P,SMP,PAKET_B,9 A,Karawang,1993-06-28,DUSUN LAMPEAN I RT. 004 RW. 006 DESA KEDAWUNG KEC. LEMAHABANG,,AKTIF,False,
0087598276,2425.10.027,Rastika,P,SMA,PAKET_C,12 IPA,KARAWANG,2008-12-01,,,AKTIF,False,
3756733408,2425.7.019,Rasum,L,SMP,PAKET_B,9 A,Karawang,1975-10-20,Dusun Tanjung RT. 005 RW. 002 Desa Karangtanjung,,AKTIF,False,
0104985698,,Rasya Nur Fadillah,L,SMP,PAKET_B,9 A,BEKASI,2010-06-17,KP. KAROKROK,,AKTIF,False,
0089892258,2526. 6. 015,Ratib Mahmud,L,SMP,PAKET_B,7 B,Bandung,2008-12-03,Jln. Pramuka,,AKTIF,False,
2054376439,2526. 10. 095,Ratih,P,SMA,PAKET_C,11 IPS 1,KARAWANG,2005-01-24,Dusun Sindangpalay RT 009 RW 03 Desa Pasirmukti Kec. Telagasari Kab. Karawang,,AKTIF,False,
0118180947,2425.7.043,Rayhan Ahmad Dzulpikar,L,SMP,PAKET_B,9 B,KARAWANG,2011-09-10,Dusun Rawadukuh,,AKTIF,False,
0111359015,2425.7.017,Regina Putri,P,SMP,PAKET_B,9 A,Desa Baru,2011-04-03,Dusun III Pasir Putih,,AKTIF,False,
0076124462,2324. 10. 065,Rehan Faransyah,L,SMA,PAKET_C,12 IPS 2,PONTIANAK,2007-06-01,DUSUN SINDANGPALAY RT. 010 RW. 003 DESA PASIRMUKTI KEC. TELAGASARI KAB. KARAWANG,,AKTIF,False,
0122885909,2526. 7. 022,Reksa Husada Alfazri,L,SMP,PAKET_B,8 A,Karawang,2012-05-04,Dusun. Kebon Kacang,085882099884,AKTIF,False,
0126657931,2526. 7. 023,Reksi Husada Alfazri,L,SMP,PAKET_B,8 A,Karawang,2012-05-04,Dusun. Kebon Kacang,085882099886,AKTIF,False,
0095094603,2324. 7. 032,Rendi Permana,L,SMA,PAKET_C,10 IPA,Karawang,2009-08-08,Dusun Suagar,085772982695,AKTIF,False,
3100051037,2324. 7. 048,Reni Amelia,P,SMA,PAKET_C,10 IPA,KARAWANG,2010-04-28,DUSUN II,,AKTIF,False,
0082317505,2425.10.028,Reno Wijaya,L,SMA,PAKET_C,12 IPA,Karawang,2008-02-02,Pramuka,,AKTIF,False,
0081981296,2526. 10. 025,Reva Marwa Azram,P,SMA,PAKET_C,11 IPA,KARAWANG,2008-03-03,Jln. Telagasari Kosambi,08978885250,AKTIF,False,
3117681821,2526. 6. 014,Reval Hasan Basri,L,SMP,PAKET_B,7 B,Bandung,2011-10-02,Jalan Pramuka,08992676629,AKTIF,False,
0104136524,2324. 7. 039,Reza Ali Firdaus,L,SMA,PAKET_C,10 IPS 1,KARAWANG,2010-10-07,JALAN PRAMUKA,,AKTIF,False,
0092971145,2526. 9. 060,Reza Ali Rahman,L,SMA,PAKET_C,10 IPS 1,Karawang,2009-09-09,Dusun Kraan,085781303035,AKTIF,False,
0094107519,2526. 10. 054,Reza Fahrurozi,L,SMA,PAKET_C,11 IPS 2,Karawang,2009-10-06,Jl. Pramuka,,AKTIF,False,
0092454722,2425.7.020,Reza Panji Pratama,L,SMP,PAKET_B,9 A,Karawang,2009-05-28,"MEGAREGENCY, F 23/08",081314173260,AKTIF,False,
3131409370,,Ridho Khoerudin,L,SMP,PAKET_B,7 A,KARAWANG,2013-10-12,KEBON KACANG,089627882400,AKTIF,False,
0103463277,2526. 7. 051,Ridho Ramdani,L,SMP,PAKET_B,8 B,Karawang,2010-08-23,Kp. Linggarsari,08567496684,AKTIF,False,
0106504126,2324. 7. 033,Ridwan Firdaus,L,SMA,PAKET_C,10 IPA,KARAWANG,2010-05-10,Jln Pramuka,,AKTIF,False,
0055441804,2526. 10. 068,Ridwan Firmansyah Hidayat,L,SMA,PAKET_C,11 IPS 2,Karawang,2005-06-06,Dusun Walahar II RT. 004 RW. 002 Desa Walahar,,AKTIF,False,
0112272477,2425.7.044,Ridwan Maulana,L,SMP,PAKET_B,9 B,Karawang,2011-06-02,Jalan Pramuka,,AKTIF,False,
0098259102,2526. 10. 139,Rieyo Lepaldho,L,SMA,PAKET_C,11 IPS 2,KARAWANG,2009-09-05,,,AKTIF,False,
3043576644,2526. 9. 061,Rifa'I Goniyun Hamid,L,SMA,PAKET_C,10 IPS 1,KARAWANG,2004-03-17,Dusun Cariu I RT. 002 RW. 001,,AKTIF,False,
0127085919,2526. 7. 024,Rifana Khoirunnisa,P,SMP,PAKET_B,8 A,Karawang,2012-03-18,Jalan Pramuka,,AKTIF,False,
0127157609,2526. 7. 025,Rifki Sumarno,L,SMP,PAKET_B,8 A,Karawang,2012-07-08,Jalan Pramuka,,AKTIF,False,
0115475357,2425.7.021,Rijal Sukardi,L,SMP,PAKET_B,9 A,Karawang,2011-11-23,Jln.Pramuka,,AKTIF,False,
0107636031,2324. 7. 034,Rindiani Fitri,P,SMA,PAKET_C,10 IPA,KARAWANG,2010-09-13,Jln.Pramuka,,AKTIF,False,
0078479658,2425.10.076,Ripal Sukardi,L,SMA,PAKET_C,12 IPS 1,Karawang,2007-08-07,Jl.Syeikh Quro Talagamulya - Kec. Telagasari,085892735150,AKTIF,False,
0081782666,2324. 7. 035,Ripi Firmansyah,L,SMA,PAKET_C,10 IPA,Karawang,2008-09-14,Cariu I,,AKTIF,False,
0094305423,2425.10.120,Riski Aditia,L,SMA,PAKET_C,12 IPS 2,Karawang,2009-01-10,Jalan Pramuka no 5,089630118221,AKTIF,False,
0096120560,,Ristin Nur Aulia,P,SMA,PAKET_C,11 IPS 1,KARAWANG,2009-11-11,BELENDUNG,081223814604,AKTIF,False,
0093548257,2526. 10. 026,Rita Juwita,P,SMA,PAKET_C,11 IPA,Karawang,2009-10-28,Jalan Pramuka,085718633436,AKTIF,False,
0091291662,2526. 6. 017,Rival,L,SMP,PAKET_B,7 B,KARAWANG,2009-11-19,Dusun Cariu III RT. 011 RW. 005 Desa Cariumulya,,AKTIF,False,
0093101846,,Riyan Hidayat,L,SMA,PAKET_C,12 IPS 1,KARAWANG,2009-02-04,KALISARI,,AKTIF,False,
0089643064,2425.10.029,Riyanti Saffitri,P,SMA,PAKET_C,12 IPA,KARAWANG,2008-02-15,BOJONGSARI,08990629117,AKTIF,False,
0116568512,2425.7.045,Rizal,L,SMP,PAKET_B,9 B,Karawang,2011-04-27,Jalan Pramuka,,AKTIF,False,
0095957376,2526. 10. 055,Rizki Agustian,L,SMA,PAKET_C,11 IPS 2,Karawang,2009-08-10,Jl. Pramuka,,AKTIF,False,
0042911405,2425.10.065,Rizki Mulyana,L,SMA,PAKET_C,12 IPS 1,Subang,2004-05-01,Dusun Gardu RT. 31 RW. 10,,AKTIF,False,
0081519363,2425.10.059,Rizkia Habsi,L,SMA,PAKET_C,12 IPS 1,Karawang,2008-08-28,Panyalinbanyu,,AKTIF,False,
3097840917,2526. 7. 059,Rizky Agustiansyah,L,SMP,PAKET_B,8 A,Karawang,2009-08-02,Kp. Sukamulya,088293297870,AKTIF,False,
0105669100,,Rizky Muhamad Kurnia,L,SMA,PAKET_C,10 IPS 2,KARAWANG,2010-12-24,JL. PRAMUKA,085781072221,AKTIF,False,
0102646456,,Rizky Mulyadi,L,SMP,PAKET_B,8 A,KARAWANG,2010-07-22,BAROS,085880047731,AKTIF,False,
0119050710,,Rizqi Maulana,L,SMP,PAKET_B,9 B,Karawang,2011-06-24,Dusun Kutajaya,081214254551,AKTIF,False,
0086996589,2526. 10. 152,Rohadi,L,SMA,PAKET_C,11 IPS 1,KARAWANG,2008-03-01,PULOSARI,,AKTIF,False,
3910081533,2425.7.070,Rohman,L,SMP,PAKET_B,9 B,Karawang,1991-12-23,Dusun Salem RT. 008 RW. 004 Desa Pasirkamuning,,AKTIF,False,
0056493695,2526. 10. 104,Roni Saputra,L,SMA,PAKET_C,11 IPS 1,Karawang,2005-10-10,Cilamaya,088299449853,AKTIF,False,
3141640410,2223. 1. 003,Rosita Indriyani,P,SD,UMUM,Kelas 5,Karawang,2014-07-14,Dusun Kompa RT. 003 RW. 002 Desa Cimahi,,AKTIF,False,
0089138454,2526. 10. 080,Rosita Rahmadhani,P,SMA,PAKET_C,11 IPA,KARAWANG,2008-11-27,JLN. CILEWO-PANCAWATI,085779630009,AKTIF,False,
0086381057,2526. 7. 053,Rusdianto,L,SMP,PAKET_B,8 B,KARAWANG,2006-08-07,Kp. Pulogadung RT. 005 RW. 002,,AKTIF,False,
,,Rusmana,L,SD,UMUM,Kelas 1,Karawang,1997-10-08,Dusun Krajan II RT. 003 RW. 002,,AKTIF,True,NISN kosong pada data sumber
0106336394,,Saeful Fazri,L,SMA,PAKET_C,10 IPS 2,Karawang,2010-01-21,-,000000000000,AKTIF,False,
0057388962,2425.10.079,Saepudin,L,SMA,PAKET_C,12 IPS 1,KARAWANG,2005-11-28,LAMPEAN-WARINGIKARYA,088293425358,AKTIF,False,
0088166538,2425.10.031,Saepul Anwar,L,SMA,PAKET_C,12 IPA,KARAWANG,2008-08-17,JLN PRAMUKA,,AKTIF,False,
0086566114,2526. 6. 018,Saepul Bahri,L,SMP,PAKET_B,7 B,KARAWANG,2008-02-17,KAMURANGJATI,,AKTIF,False,
0089173405,2425.10.032,Safira Amara Dewi,P,SMA,PAKET_C,12 IPA,KARAWANG,2008-12-20,,,AKTIF,False,
0109298264,2526. 10. 056,Sahrif Hidayat,L,SMA,PAKET_C,11 IPS 2,KARAWANG,2010-01-21,DUSUN II,083879124634,AKTIF,False,
3817534286,2526. 10. 098,Samit,L,SMA,PAKET_C,11 IPS 1,Karawang,1981-12-23,Dusun Cengkeh II RT. 001 RW. 001 Desa Ciwaringin,,AKTIF,False,
3737265048,2526. 6. 019,Samsu,L,SMP,PAKET_B,7 B,KARAWANG,1973-05-05,KP. KAROKROK SELATAN RT.001 RW.001,,AKTIF,False,
0137980781,,Saputra Gilang Ramadan,L,SMP,PAKET_B,7 A,KARAWANG,2013-08-06,JALAN PRAMUKA,,AKTIF,False,
3820294493,2425.7.071,Sartem,P,SMP,PAKET_B,9 B,Karawang,1982-08-04,Dusun Rawadukuh RT. 012 RW. 005 Desa Karangtanjung ,,AKTIF,False,
3068316214,2526. 9. 063,Saskia Apriyani,P,SMA,PAKET_C,10 IPS 1,Karawang,2006-04-22,Dusun II Pasirtalaga RT. 022 RW. 006,,AKTIF,False,
3115810215,2425.7.072,Satrio Dwi Cahyo,L,SMP,PAKET_B,9 B,KARAWANG,2011-12-13,CARINGIN,089634043600,AKTIF,False,
0087198651,,Sayyid Adly Herliansah,L,SMA,PAKET_C,12 IPS 2,KARAWANG,2008-08-16,DUSUN KRAJAN IV,085779039335,AKTIF,False,
3928037892,2526. 10. 155,Selamet Riyadi,L,SMA,PAKET_C,11 IPS 1,Karawang,1992-04-24,Dusun Ceplik RT. 002 RW. 001,,AKTIF,False,
0082732590,2526.11.123,Sendi Alpa Yanuar,L,SMA,PAKET_C,12 IPS 2,Karawang,2008-01-29,Linggarsari,089648245448,AKTIF,False,
0087187379,2425.10.033,Sendra Pratama,L,SMA,PAKET_C,12 IPA,KARAWANG,2008-10-23,JALAN PRAMUKA,089608373968,AKTIF,False,
3134392547,,Serlina,P,SMP,PAKET_B,7 A,Karawang,2013-02-14,Dusun  Sindangpalay Rt 14/ Rw 04 ,085777744328,AKTIF,False,
0109766998,2324. 7. 040,Sesil Liyani,P,SMA,PAKET_C,10 IPS 1,KARAWANG,2011-12-26,Jln.Pramuka,,AKTIF,False,
0103998060,2526. 7. 054,Shintia Permatasari,P,SMP,PAKET_B,8 B,KARAWANG,2010-03-13,DUSUN GEDANGMANGGALA,085715029215,AKTIF,False,
0092102196,2425.10.034,Sholihat,P,SMA,PAKET_C,12 IPA,KARAWANG,2009-07-10,JLN PRAMUKA,,AKTIF,False,
0099348557,2526. 10. 027,Silva Nurpadila,P,SMA,PAKET_C,11 IPA,KARAWANG,2009-12-10,JALAN PRAMUKA,085893566282,AKTIF,False,
0124237025,2526. 7. 027,Silvia Anggraini,P,SMP,PAKET_B,8 A,Karawang,2012-05-13,Jalan Pramuka,085697296687,AKTIF,False,
0081672575,2425.10.035,Silvia Nurfadilah Fathulrohmah,P,SMA,PAKET_C,12 IPA,Karawang,2008-09-21,Dusun Jarakah 02,,AKTIF,False,
3124985068,2526. 7. 026,Silvina Amelia,P,SMP,PAKET_B,8 A,Karawang,2012-09-01,Jalan Pramuka,,AKTIF,False,
3118274030,2425.7.046,Sindi Agustina Ramadani,P,SMP,PAKET_B,9 B,Karawang,2011-08-02,Jalan Pramuka,,AKTIF,False,
0119168484,2425. 5. 006,Sindi Roaeni,P,SMP,PAKET_B,7 B,Karawang,2011-11-02,Jln. Cariu,,AKTIF,False,
0098762420,2425.10.122,Sintia,P,SMA,PAKET_C,12 IPS 2,Karawang,2009-07-14,Burandul,085210307831,AKTIF,False,
0111653287,,Sintia Bela,P,SMA,PAKET_C,10 IPA,Karawang,2011-02-27,-,000000000000,AKTIF,False,
3129479978,2526. 7. 063,Siti Aisah,P,SMP,PAKET_B,8 B,Karawang,2012-03-15,Dusun Sindangpalay RT. 010 RW. 003,,AKTIF,False,
3038433557,2425.10.050,Siti Aisyah Hilda,P,SMA,PAKET_C,12 IPS 1,Karawang,2003-08-02,Dusun Sindangpalay RT. 010 RW. 003 Desa Pasirmukti Kec. Telagasari Kab. Karawang,,AKTIF,False,
0116714613,2425.7.047,Siti Fatimah Nazwa,P,SMP,PAKET_B,9 B,Karawang,2011-12-12,Jalan Pramuka,08986246883,AKTIF,False,
0089013804,2425.10.052,Siti Fitriah,P,SMA,PAKET_C,12 IPS 1,KARAWANG,2008-09-26,Dusun Sindangpalay RT. 010 RW. 003,,AKTIF,False,
3191214675,,Siti Hablu Salfa Rohiyah,P,SD,UMUM,Kelas 1,Karawang,2019-04-23,-,,AKTIF,False,
0126462231,2425.7.048,Siti Halimah Sadiayah Nadiya,P,SMP,PAKET_B,9 B,Karawang,2012-01-10,Jalan Pramuka,085720244040,AKTIF,False,
0097908306,,Siti Hamidah,P,SMP,PAKET_B,7 A,Karawang,2009-08-10,Jln. Telagasari Kosambi,089510136150,AKTIF,False,
0067124600,2526. 10. 096,Siti Hana Mariam,P,SMA,PAKET_C,11 IPS 1,KARAWANG,2006-01-26,Dusun Sindangpalay RT. 010 RW. 003,,AKTIF,False,
3152564371,2324. 1. 003,Siti Hindun Maspupah,P,SD,UMUM,Kelas 4,Karawang,2015-11-17,Dusun Sindangpalay RT. 010 RW. 003 Desa Pasirmukti,,AKTIF,False,
0084714173,2526. 10. 028,Siti Hodijah,P,SMA,PAKET_C,11 IPA,JAKARTA,2008-11-18,Syeh Quro,088289098954,AKTIF,False,
0085834722,2425.10.036,Siti Ismaya,P,SMA,PAKET_C,12 IPA,KARAWANG,2008-05-30,KRASAK-WADAS,,AKTIF,False,
,,Siti Jenab,P,SMA,PAKET_C,10 IPS 2,KARAWANG,2007-04-04,Dusun Krajan RT. 001 RW. 001,,AKTIF,True,NISN kosong pada data sumber
0128149503,2425.7.049,Siti Julpa,P,SMP,PAKET_B,9 B,Karawang,2012-02-25,Jalan Pramuka,,AKTIF,False,
3139583898,,Siti Khumaeroh Awaliyah,P,SMP,PAKET_B,7 A,KARAWANG,2014-05-24,Dusun. Kebon Kacang,085882099812,AKTIF,False,
3128146311,2526. 7. 028,Siti Koriyah,P,SMP,PAKET_B,8 A,Karawang,2012-12-26,Dusun Panyalinbanyu,089513421701,AKTIF,False,
0041953605,2425.10.080,Siti Maemunah,P,SMA,PAKET_C,12 IPS 1,Karawang,2004-09-11,DUSUN KRAJAN RT. 001 RW. 001 DESA CIBADAK KEC. RAWAMERTA,,AKTIF,False,
3152111454,2425. 3. 007,Siti Masrifatu Hawa Bilqis,P,SD,UMUM,Kelas 5,KARAWANG,2015-08-21,Jalan Pramuka,,AKTIF,False,
0109264769,2324. 7. 041,Siti Melisa,P,SMA,PAKET_C,10 IPS 2,Karawang,2010-03-28,Jalan Pramuka,,AKTIF,False,
3194197825,,Siti Naila Rohmah,P,SD,UMUM,Kelas 1,KARAWANG,2019-08-30,-,,AKTIF,False,
0089310694,2425.10.037,Siti Pitriyani Rohimah,P,SMA,PAKET_C,12 IPA,Karawang,2008-12-07,Dusun Neglasari RT. 018 RW. 005,,AKTIF,False,
0098284805,2526. 10. 156,Siti Ratnaningsih,P,SMA,PAKET_C,11 IPA,KARAWANG,2009-01-06,Pramuka,,AKTIF,False,
0129126424,2425.7.050,Siti Robiah Maslamah Husna,P,SMP,PAKET_B,9 B,Karawang,2012-07-04,Jalan Pramuka,089625847636,AKTIF,False,
3199375672,,Siti Rohimatu Robi'Ah,P,SD,UMUM,Kelas 1,KARAWANG,2019-04-02,-,,AKTIF,False,
0092719330,2526. 10. 029,Siti Rohmatul Alwaliyah,P,SMA,PAKET_C,11 IPA,KARAWANG,2009-07-22,NEGLASARI,,AKTIF,False,
3178322853,2425. 1. 003,Siti Salwa Saniah Alwahiah,P,SD,UMUM,Kelas 3,Karawang,2017-11-12,Jalan Pramuka,,AKTIF,False,
0091591610,2425.10.081,Siti Sarah Sumarni,P,SMA,PAKET_C,12 IPS 1,Karawang,2009-05-13,,,AKTIF,False,
3953083829,2526. 7. 073,Siti Sopiah,P,SMP,PAKET_B,8 B,Bandung,1995-08-03,Rawagabus Post RT. 002 RW. 007,,AKTIF,False,
0095377049,2526.11.125,Siti Sulfiah,P,SMA,PAKET_C,12 IPS 1,Karawang,2009-09-23,Jln. Pramuka Pasirmukti - Kec. Telagasari,081617831554,AKTIF,False,
0095171554,2526. 10. 057,Soni,L,SMA,PAKET_C,11 IPS 2,KARAWANG,2009-07-17,SALEM,,AKTIF,False,
0081099307,2526. 7. 055,Sri Ayu,P,SMP,PAKET_B,8 B,Karawang,2008-08-19,Pulosari,,AKTIF,False,
0112933688,2526. 7. 030,Sri Intan,P,SMP,PAKET_B,8 A,KARAWANG,2011-06-07,DUSUN CARIU III,,AKTIF,False,
0114754101,2425.7.054,Sri Mela Oktafia,P,SMP,PAKET_B,9 B,KARAWANG,2011-10-07,DUSUN SINDANGPALAY,085716807190,AKTIF,False,
0123012434,2425.7.024,Sri Pebriyanti,P,SMP,PAKET_B,9 A,Karawang,2012-02-27,Jalan Pramuka,085774884359,AKTIF,False,
0127559376,2526. 7. 031,Sri Wahyuni,P,SMP,PAKET_B,8 A,Karawang,2012-01-07,Jalan Pramuka,,AKTIF,False,
3124144946,2526. 7. 056,Sri Yanti,P,SMP,PAKET_B,8 B,Karawang,2012-10-05,Jln. Cariu,,AKTIF,False,
0083219855,2425.10.038,Suci Agustian,P,SMA,PAKET_C,12 IPA,Karawang,2008-08-12,,,AKTIF,False,
0101170824,,Suci Maharani,P,SMA,PAKET_C,10 IPA,Karawang,2010-06-22,Dsn. Karajan,,AKTIF,False,
0092738750,2526. 10. 058,Suherman,L,SMA,PAKET_C,11 IPS 2,Karawang,2009-02-16,Jalan Pramuka,,AKTIF,False,
3150537187,2223. 1. 004,Sukardi,L,SD,UMUM,Kelas 5,Karawang,2015-04-20,Dusun Sindangpalay RT. 009 RW. 003 Desa Pasirmukti,,AKTIF,False,
0128466895,2526. 7. 029,Sukma Padilah,L,SMP,PAKET_B,8 A,Karawang,2012-12-05,Jalan Pramuka,,AKTIF,False,
0098566178,2526. 10. 031,Sutono,L,SMA,PAKET_C,11 IPA,Karawang,2009-07-01,Pasirkonci,085693305810,AKTIF,False,
0087197056,2324. 7. 050,Syahrul Maulana,L,SMA,PAKET_C,10 IPS 1,Karawang,2008-12-10,Bayurlor,,AKTIF,False,
0004855729,2425.7.073,Syarif Tubagus Arifin,L,SMP,PAKET_B,9 B,Karawang,2000-09-09,Dusun Cariu I RT. 001 RW. 00I Desa Cariumulya,,AKTIF,False,
0115894003,,Syifa  Nur Fhany,P,SMP,PAKET_B,7 A,Karawang,2011-06-30,Kp Karokrok Selatan,085693006978,AKTIF,False,
0101336277,2526. 10. 032,Syifa Laila Nurfadilah,P,SMA,PAKET_C,11 IPA,Bandung,2010-01-31,Pramuka,,AKTIF,False,
0087406049,2526.11.126,Talita Despia Karma,P,SMA,PAKET_C,12 IPS 2,Karawang,2008-12-03,Kp. Karokrok Selatan Kalijaya - Kec. Telagasari,085719056932,AKTIF,False,
0118456496,2526.8.076,Tarli Kurniawan,L,SMP,PAKET_B,9 B,KARAWANG,2011-12-07,DUSUN 03 PASIRKONCI,,AKTIF,False,
3896439922,2526. 10. 093,Tasa,L,SMA,PAKET_C,11 IPS 1,Karawang,1989-05-17,Dusun Mekarsari RT. 011 RW. 003 Desa Talagamulya,,AKTIF,False,
0141084404,,Tasmahwati,P,SMP,PAKET_B,7 A,KARAWANG,2014-02-13,PRAMUKA,,AKTIF,False,
0091344614,2526. 10. 033,Tati,P,SMA,PAKET_C,11 IPS 2,Serang,2009-11-16,Kp.Muaracideung,,AKTIF,False,
0118285324,2425.7.025,Tati Ardianti,P,SMP,PAKET_B,9 A,Karawang,2011-09-11,Dusun. Kebon Kacang,085882099973,AKTIF,False,
0091685251,2526. 10. 105,Taufik Hidayat,L,SMA,PAKET_C,11 IPS 1,KARAWANG,2009-02-03,CIKALONG GIRANG,,AKTIF,False,
0087825533,2425.10.039,Taufik Hidayat,L,SMA,PAKET_C,12 IPA,KARAWANG,2008-09-24,JLN PRAMUKA,,AKTIF,False,
0139846622,,Taufik Rohman,L,SD,UMUM,Kelas 6,KARAWANG,2013-07-14,CARINGIN,085894238292,AKTIF,False,
0073222196,2526. 10. 140,Teguh Afriansyah,L,SMA,PAKET_C,11 IPS 2,KARAWANG,2007-04-08,Pulogadung,,AKTIF,False,
0126194007,,Teguh Hoerudin,L,SMP,PAKET_B,7 A,Karawang,2011-12-21,Wagirjengkol,,AKTIF,False,
0075117715,2526. 7. 069,Titin Patimah,P,SMP,PAKET_B,8 B,Karawang,2007-09-22,Jarong 2,,AKTIF,False,
0102108375,2324. 7. 042,Tiyan Permana,L,SMA,PAKET_C,10 IPS 1,Karawang,2010-12-29,Jalan Pramuka,085692953532,AKTIF,False,
3085577709,2526. 10. 092,Tohir Abu Bakar,L,SMA,PAKET_C,11 IPS 1,Karawang,2008-01-20,Dusun Sindangpalay RT. 010 RW. 003,,AKTIF,False,
3104268302,2526. 10. 034,Tubagus Damar Ramadan,L,SMA,PAKET_C,11 IPA,Karawang,2010-08-17,DUSUN III CITAJAYA RT. 013 RW. 005 Desa Kalibuaya,,AKTIF,False,
3737176004,2425.10.093,Udin Tajudin,L,SMA,PAKET_C,12 IPS 2,Karawang,1973-04-02,DUSUN LAMPEAN II RT. 002 RW. 007 DESA KEDAWUNG KEC. LEMAHABANG,,AKTIF,False,
3139398320,,Ufaira Nurafifa,P,SMP,PAKET_B,7 A,Karawang,2013-06-20,Dusun Pasirtalaga III,085813406679,AKTIF,False,
0097977234,2526. 10. 059,Ujang,L,SMA,PAKET_C,11 IPS 2,Karawang,2009-05-20,Sukamakmur,085774420683,AKTIF,False,
0034791711,2526. 10. 114,Usamah Habibillah,L,SMA,PAKET_C,11 IPS 1,KARAWANG,2003-10-16,Dusun Cariu RT. 017 RW. 001,,AKTIF,False,
0111054366,,Vian Yudistira Putra,L,SMP,PAKET_B,8 A,Tangerang,2011-12-09,Cilambungan,081384870678,AKTIF,False,
3911273825,2425.7.074,Wahyu,L,SMP,PAKET_B,9 B,Karawang,1991-02-14,Dusun Cariu I RT. 002 RW. 00I Desa Cariumulya,,AKTIF,False,
0099628575,2324. 7. 043,Wahyudin,L,SMA,PAKET_C,10 IPS 1,Karawang,2009-03-09,Jalan Pramuka,081511234324,AKTIF,False,
3845707200,2526. 7. 066,Wahyudin,L,SMP,PAKET_B,8 B,Karawang,1984-02-02,Dusun Cariu I RT. 002 RW. 001 Desa Cariumulya,,AKTIF,False,
0118411468,2425.7.026,Walid Sukandi,L,SMP,PAKET_B,9 A,Karawang,2011-09-24,Dusun III Citajaya,085882043192,AKTIF,False,
0074631038,2526. 10. 106,Wana,L,SMA,PAKET_C,11 IPS 1,Karawang,2007-05-02,Linggarsari,088293824610,AKTIF,False,
0101480161,,Warma,L,SMP,PAKET_B,8 B,Karawang,2010-06-26,Wagirterong,,AKTIF,False,
0092614591,2425. 8. 057,Warsan Nurdin,L,SMA,PAKET_C,10 IPS 1,Karawang,2009-09-26,Jalan Pramuka,085719430520,AKTIF,False,
3955150901,2425.10.094,Wati,P,SMA,PAKET_C,12 IPS 2,Cirebon,1995-11-18,Dusun Krajan IV RT. 002 RW. 004 Desa Pulokalapa,,AKTIF,False,
0041700606,2526. 10. 141,Widia Komalasari,P,SMA,PAKET_C,11 IPS 2,KARAWANG,2004-03-16,SYECH QURO,083893503299,AKTIF,False,
0086280706,2425.10.040,Widianti Aprilia,P,SMA,PAKET_C,12 IPA,KARAWANG,2008-04-26,JLN PRAMUKA,,AKTIF,False,
0086201691,2425.10.068,Widiawati,P,SMA,PAKET_C,12 IPS 1,Karawang,2008-08-31,Dusun Mekarsari,,AKTIF,False,
0109747209,2526. 10. 060,Wilda Nifoya,P,SMA,PAKET_C,11 IPA,KARAWANG,2010-11-01,LEMAHDUHUR,,AKTIF,False,
0111814821,2425.7.022,Wildan,L,SMP,PAKET_B,9 A,Karawang,2011-08-27,Jln.Pramuka,,AKTIF,False,
0081532464,2526. 10. 035,Willi Saputra,L,SMA,PAKET_C,11 IPA,Karawang,2008-05-24,Dusun II RT. 012 RW. 004 Desa Kalibuaya,,AKTIF,False,
0108729524,2324. 7. 044,Winda Intan Ramadhani,P,SMA,PAKET_C,10 IPS 1,Karawang,2010-08-07,Dusun Citajaya,085777684454,AKTIF,False,
0093452473,,Wulan Jamilah,P,SMA,PAKET_C,12 IPS 2,KARAWANG,2009-11-06,DUSUN NEGLASARI,,AKTIF,False,
0097781895,,Yanto Haryanto,L,SMA,PAKET_C,10 IPA,Karawang,2009-06-07,Telagasari-Kosambi,0895363555656,AKTIF,False,
0083903216,2526. 9. 062,Yanto Junianto Reja,L,SMA,PAKET_C,10 IPS 1,KARAWANG,2008-06-22,DUSUN KAMURANGJATI,08131497782,AKTIF,False,
0124475083,,Yasin Parizi,L,SMP,PAKET_B,7 A,KARAWANG,2012-05-02,KP.CITAMAN,,AKTIF,False,
3018690542,2425.10.095,Yayah,P,SMA,PAKET_C,12 IPS 2,Karawang,2001-05-29,Dusun Krajan III RT. 016 RW. 005 Desa Lemahabang,,AKTIF,False,
0065537886,2526. 7. 057,Yenis Yupitasari,P,SMP,PAKET_B,8 B,KARAWANG,2006-03-02,Salem,,AKTIF,False,
0094385170,2526. 7. 058,Yoga Maulana Faznur,L,SMP,PAKET_B,8 B,KARAWANG,2009-03-06,PULOSARI,085714300164,AKTIF,False,
0079841461,2526. 10. 142,Yolanda Rizky Seftiyani,P,SMA,PAKET_C,11 IPS 2,KARAWANG,2007-09-26,Dusun Pasirkonci RT. 002 RW. 002,,AKTIF,False,
0085628831,2425.10.041,Yuda Pramudia,L,SMA,PAKET_C,12 IPA,Karawang,2008-06-09,,,AKTIF,False,
0108011216,2324. 7. 045,Yulia Citra,P,SMA,PAKET_C,10 IPS 1,KARAWANG,2010-06-19,PADATIMULYA,,AKTIF,False,
3826871136,2526. 7. 068,Yuyun,P,SMP,PAKET_B,8 B,Karawang,1982-12-06,Dusun Cilewo RT. 005 RW. 002 ,,AKTIF,False,
0106708278,2425.7.023,Zahira Adinda Putri Ferlita,P,SMP,PAKET_B,9 A,Karawang,2010-11-12,Dusun Mekarsari,,AKTIF,False,
3142529517,,Zahra Maulida,P,SMP,PAKET_B,7 A,KARAWANG,2014-01-25,Jln.Pramuka,,AKTIF,False,
0083644169,2526. 10. 061,Zahrotu Shita,P,SMA,PAKET_C,11 IPA,KARAWANG,2008-01-18,,,AKTIF,False,
0131554464,,Zidan Saputra,L,SMP,PAKET_B,7 A,KARAWANG,2013-07-03,KP. KALIJURANG,083815285640,AKTIF,False,
0121705286,2425. 5. 007,Zimar Zain Haenur,L,SMP,PAKET_B,7 B,Karawang,2012-02-04,Jl. Syeh Quro,,AKTIF,False,
0117026864,2425. 5. 008,Zuansyah,L,SMP,PAKET_B,7 B,Karawang,2011-12-19,Dusun Cicadas RT. 001 RW. 001 Desa Cadaskertajaya,,AKTIF,False,
0082605624,2526. 10. 103,Zulfikar Baharudin,L,SMA,PAKET_C,11 IPS 1,Karawang,2009-10-02,Dsn Buer,085880055698,AKTIF,False,
0123305581,2526. 7. 061,Zulvan Azhar Rehan,L,SMP,PAKET_B,8 A,KARAWANG,2012-05-19,PRAMUKA,,AKTIF,False,
